-- MySQL dump 10.13  Distrib 8.0.32, for Linux (x86_64)
--
-- Host: localhost    Database: good_point
-- ------------------------------------------------------
-- Server version	8.0.32-0ubuntu0.22.04.2

/*!40101 SET @OLD_CHARACTER_SET_CLIENT=@@CHARACTER_SET_CLIENT */;
/*!40101 SET @OLD_CHARACTER_SET_RESULTS=@@CHARACTER_SET_RESULTS */;
/*!40101 SET @OLD_COLLATION_CONNECTION=@@COLLATION_CONNECTION */;
/*!50503 SET NAMES utf8mb4 */;
/*!40103 SET @OLD_TIME_ZONE=@@TIME_ZONE */;
/*!40103 SET TIME_ZONE='+00:00' */;
/*!40014 SET @OLD_UNIQUE_CHECKS=@@UNIQUE_CHECKS, UNIQUE_CHECKS=0 */;
/*!40014 SET @OLD_FOREIGN_KEY_CHECKS=@@FOREIGN_KEY_CHECKS, FOREIGN_KEY_CHECKS=0 */;
/*!40101 SET @OLD_SQL_MODE=@@SQL_MODE, SQL_MODE='NO_AUTO_VALUE_ON_ZERO' */;
/*!40111 SET @OLD_SQL_NOTES=@@SQL_NOTES, SQL_NOTES=0 */;

--
-- Table structure for table `access_logger`
--

DROP TABLE IF EXISTS `access_logger`;
/*!40101 SET @saved_cs_client     = @@character_set_client */;
/*!50503 SET character_set_client = utf8mb4 */;
CREATE TABLE `access_logger` (
  `id` int NOT NULL AUTO_INCREMENT,
  `success` tinyint NOT NULL,
  `date` datetime NOT NULL,
  `userId` varchar(36) DEFAULT NULL,
  PRIMARY KEY (`id`),
  KEY `FK_592498efcc7b3c679d433037b1d` (`userId`),
  CONSTRAINT `FK_592498efcc7b3c679d433037b1d` FOREIGN KEY (`userId`) REFERENCES `user` (`id`)
) ENGINE=InnoDB AUTO_INCREMENT=11234 DEFAULT CHARSET=utf8mb4 COLLATE=utf8mb4_0900_ai_ci;
/*!40101 SET character_set_client = @saved_cs_client */;

--
-- Dumping data for table `access_logger`
--

LOCK TABLES `access_logger` WRITE;
/*!40000 ALTER TABLE `access_logger` DISABLE KEYS */;
INSERT INTO `access_logger` VALUES (11223,1,'2023-02-02 17:48:34','167f840d-8763-11ed-a031-1c1bb51f4c1c'),(11224,1,'2023-02-02 17:52:49','167f8550-8763-11ed-a031-1c1bb51f4c1c'),(11233,1,'2023-02-15 18:33:38','167f865c-8763-11ed-a031-1c1bb51f4c1c');
/*!40000 ALTER TABLE `access_logger` ENABLE KEYS */;
UNLOCK TABLES;

--
-- Table structure for table `archived_good_points`
--

DROP TABLE IF EXISTS `archived_good_points`;
/*!40101 SET @saved_cs_client     = @@character_set_client */;
/*!50503 SET character_set_client = utf8mb4 */;
CREATE TABLE `archived_good_points` (
  `id` int NOT NULL AUTO_INCREMENT,
  `created` datetime(6) DEFAULT CURRENT_TIMESTAMP(6),
  `modified` datetime(6) DEFAULT CURRENT_TIMESTAMP(6) ON UPDATE CURRENT_TIMESTAMP(6),
  `text` varchar(255) CHARACTER SET utf8mb4 COLLATE utf8mb4_0900_ai_ci NOT NULL,
  `student_id` int DEFAULT NULL,
  `date_sent` datetime DEFAULT NULL,
  `school_id` int DEFAULT NULL,
  `teacher_id` varchar(36) DEFAULT NULL,
  PRIMARY KEY (`id`),
  KEY `FK_791bf7363b36e873941775724e9` (`teacher_id`),
  KEY `FK_47ebf9f72b5e9a12e7bf0cdd5eb` (`student_id`),
  KEY `FK_fdcefa8e8a8b22a59ef800bc4ba` (`school_id`),
  CONSTRAINT `FK_47ebf9f72b5e9a12e7bf0cdd5eb` FOREIGN KEY (`student_id`) REFERENCES `students` (`id`),
  CONSTRAINT `FK_791bf7363b36e873941775724e9` FOREIGN KEY (`teacher_id`) REFERENCES `user` (`id`) ON DELETE SET NULL,
  CONSTRAINT `FK_fdcefa8e8a8b22a59ef800bc4ba` FOREIGN KEY (`school_id`) REFERENCES `school` (`id`)
) ENGINE=InnoDB AUTO_INCREMENT=19381 DEFAULT CHARSET=utf8mb4 COLLATE=utf8mb4_0900_ai_ci;
/*!40101 SET character_set_client = @saved_cs_client */;

--
-- Dumping data for table `archived_good_points`
--

LOCK TABLES `archived_good_points` WRITE;
/*!40000 ALTER TABLE `archived_good_points` DISABLE KEYS */;
/*!40000 ALTER TABLE `archived_good_points` ENABLE KEYS */;
UNLOCK TABLES;

--
-- Table structure for table `classes`
--

DROP TABLE IF EXISTS `classes`;
/*!40101 SET @saved_cs_client     = @@character_set_client */;
/*!50503 SET character_set_client = utf8mb4 */;
CREATE TABLE `classes` (
  `id` int NOT NULL AUTO_INCREMENT,
  `created` datetime(6) DEFAULT CURRENT_TIMESTAMP(6),
  `modified` datetime(6) DEFAULT CURRENT_TIMESTAMP(6) ON UPDATE CURRENT_TIMESTAMP(6),
  `grade` enum('1','2','3','4','5','6','7','8','9','10','11','12') CHARACTER SET utf8mb4 COLLATE utf8mb4_0900_ai_ci DEFAULT NULL,
  `class_index` tinyint DEFAULT NULL,
  `school_code` varchar(14) CHARACTER SET utf8mb4 COLLATE utf8mb4_0900_ai_ci DEFAULT NULL,
  `school_id` int DEFAULT NULL,
  `teacher_id` varchar(36) DEFAULT NULL,
  PRIMARY KEY (`id`),
  UNIQUE KEY `IDX_9a1024736a466e0361b226cef9` (`class_index`,`grade`,`school_id`),
  KEY `FK_b34c92e413c4debb6e0f23fed46` (`teacher_id`),
  KEY `FK_398f3990f5da4a1efda173f576f` (`school_id`),
  CONSTRAINT `FK_398f3990f5da4a1efda173f576f` FOREIGN KEY (`school_id`) REFERENCES `school` (`id`),
  CONSTRAINT `FK_b34c92e413c4debb6e0f23fed46` FOREIGN KEY (`teacher_id`) REFERENCES `user` (`id`) ON DELETE SET NULL
) ENGINE=InnoDB AUTO_INCREMENT=1330 DEFAULT CHARSET=utf8mb4 COLLATE=utf8mb4_0900_ai_ci;
/*!40101 SET character_set_client = @saved_cs_client */;

--
-- Dumping data for table `classes`
--

LOCK TABLES `classes` WRITE;
/*!40000 ALTER TABLE `classes` DISABLE KEYS */;
INSERT INTO `classes` VALUES (1,'2021-09-19 09:19:22.000000','2023-01-22 15:22:19.443682','1',2,'420208',1,'167f8550-8763-11ed-a031-1c1bb51f4c1c'),(2,'2021-09-19 09:19:23.000000','2023-01-22 15:22:19.443682','2',2,'420208',1,'167f8550-8763-11ed-a031-1c1bb51f4c1c'),(3,'2021-09-19 09:19:24.000000','2023-01-22 15:22:19.443682','3',2,'420208',1,'167f8550-8763-11ed-a031-1c1bb51f4c1c'),(4,'2021-09-19 09:19:26.000000','2023-01-22 15:22:19.443682','4',2,'420208',1,'167f8550-8763-11ed-a031-1c1bb51f4c1c'),(5,'2020-05-26 10:26:57.000000','2023-01-22 15:22:19.443682','4',2,'987654',2,'167f8550-8763-11ed-a031-1c1bb51f4c1c'),(7,'2020-05-26 10:26:57.000000','2023-01-22 15:22:19.443682','5',1,'987654',2,'167f8550-8763-11ed-a031-1c1bb51f4c1c'),(8,'2020-05-26 10:26:57.000000','2023-01-22 15:22:19.443682','7',2,'987654',2,'167f8550-8763-11ed-a031-1c1bb51f4c1c'),(9,'2020-05-26 10:26:57.000000','2023-01-22 15:22:19.443682','7',1,'987654',2,'167f8550-8763-11ed-a031-1c1bb51f4c1c'),(10,'2020-05-26 10:26:57.000000','2023-01-22 15:22:19.443682','3',2,'987654',2,'167f8550-8763-11ed-a031-1c1bb51f4c1c'),(11,'2020-05-26 10:26:57.000000','2023-01-22 15:22:19.443682','6',1,'987654',2,'167f8550-8763-11ed-a031-1c1bb51f4c1c'),(12,'2021-09-19 09:19:27.000000','2023-01-22 15:22:19.443682','6',2,'420208',1,'167f8550-8763-11ed-a031-1c1bb51f4c1c'),(14,'2021-09-19 09:19:22.000000','2023-01-22 15:22:19.443682','1',3,'420208',1,'167f8550-8763-11ed-a031-1c1bb51f4c1c'),(15,'2021-09-19 09:19:23.000000','2023-01-22 15:22:19.443682','2',3,'420208',1,'167f8550-8763-11ed-a031-1c1bb51f4c1c'),(16,'2021-09-19 09:19:24.000000','2023-01-22 15:22:19.443682','3',3,'420208',1,'167f8550-8763-11ed-a031-1c1bb51f4c1c'),(17,'2021-09-19 09:19:26.000000','2023-01-22 15:22:19.443682','4',3,'420208',1,'167f8550-8763-11ed-a031-1c1bb51f4c1c'),(163,'2021-09-19 09:19:22.000000','2023-01-22 15:22:19.443682','1',1,'420208',1,'167f8550-8763-11ed-a031-1c1bb51f4c1c'),(164,'2021-09-19 09:19:23.000000','2023-01-22 15:22:19.443682','2',1,'420208',1,'167f8550-8763-11ed-a031-1c1bb51f4c1c'),(165,'2021-09-19 09:19:24.000000','2023-01-22 15:22:19.443682','3',1,'420208',1,'167f8550-8763-11ed-a031-1c1bb51f4c1c'),(166,'2021-09-19 09:19:26.000000','2023-01-22 15:22:19.443682','4',1,'420208',1,'167f8550-8763-11ed-a031-1c1bb51f4c1c'),(167,'2021-09-19 09:19:27.000000','2023-01-22 15:22:19.443682','6',1,'420208',1,'167f8550-8763-11ed-a031-1c1bb51f4c1c'),(586,'2022-09-15 09:08:29.000000','2023-01-22 15:26:55.379836','3',3,'987654',2,'167f875f-8763-11ed-a031-1c1bb51f4c1c'),(587,'2022-09-15 09:08:29.000000','2023-01-22 15:26:55.379836','3',4,'987654',2,'167f875f-8763-11ed-a031-1c1bb51f4c1c'),(588,'2022-09-15 09:08:29.000000','2023-01-22 15:26:55.379836','3',5,'987654',2,'167f875f-8763-11ed-a031-1c1bb51f4c1c'),(589,'2022-09-15 09:08:29.000000','2023-01-22 15:26:55.379836','3',6,'987654',2,'167f875f-8763-11ed-a031-1c1bb51f4c1c'),(590,'2022-09-15 09:08:29.000000','2023-01-22 15:26:55.379836','4',1,'987654',2,'167f875f-8763-11ed-a031-1c1bb51f4c1c'),(591,'2022-09-15 09:08:29.000000','2023-01-22 15:26:55.379836','4',3,'987654',2,'167f875f-8763-11ed-a031-1c1bb51f4c1c'),(592,'2022-09-15 09:08:29.000000','2023-01-22 15:26:55.379836','4',4,'987654',2,'167f875f-8763-11ed-a031-1c1bb51f4c1c'),(593,'2022-09-15 09:08:29.000000','2023-01-22 15:26:55.379836','4',5,'987654',2,'167f875f-8763-11ed-a031-1c1bb51f4c1c'),(594,'2022-09-15 09:08:29.000000','2023-01-22 15:26:55.379836','5',3,'987654',2,'167f875f-8763-11ed-a031-1c1bb51f4c1c'),(595,'2022-09-15 09:08:29.000000','2023-01-22 15:26:55.379836','5',4,'987654',2,'167f875f-8763-11ed-a031-1c1bb51f4c1c'),(596,'2022-09-15 09:08:29.000000','2023-01-22 15:26:55.379836','6',2,'987654',2,'167f865c-8763-11ed-a031-1c1bb51f4c1c'),(597,'2022-09-15 09:08:29.000000','2023-01-22 15:26:55.379836','6',3,'987654',2,'167f865c-8763-11ed-a031-1c1bb51f4c1c'),(602,'2022-09-15 09:09:46.000000','2023-01-22 15:26:55.379836','2',1,'987654',2,'167f865c-8763-11ed-a031-1c1bb51f4c1c'),(603,'2022-09-15 09:09:46.000000','2023-01-22 15:26:55.379836','2',2,'987654',2,'167f865c-8763-11ed-a031-1c1bb51f4c1c'),(604,'2022-09-15 09:09:46.000000','2023-01-22 15:26:55.379836','2',3,'987654',2,'167f865c-8763-11ed-a031-1c1bb51f4c1c'),(605,'2022-09-15 09:09:46.000000','2023-01-22 15:26:55.379836','2',4,'987654',2,'167f865c-8763-11ed-a031-1c1bb51f4c1c'),(606,'2022-09-15 09:09:46.000000','2023-01-22 15:26:55.379836','3',1,'987654',2,'167f865c-8763-11ed-a031-1c1bb51f4c1c'),(916,'2022-11-02 11:04:02.000000','2023-01-22 15:26:55.379836','1',1,'987654',2,'167f865c-8763-11ed-a031-1c1bb51f4c1c'),(917,'2022-11-02 11:04:02.000000','2023-01-22 15:26:55.379836','1',2,'987654',2,'167f865c-8763-11ed-a031-1c1bb51f4c1c');
/*!40000 ALTER TABLE `classes` ENABLE KEYS */;
UNLOCK TABLES;

--
-- Table structure for table `classes_teachers_user`
--

DROP TABLE IF EXISTS `classes_teachers_user`;
/*!40101 SET @saved_cs_client     = @@character_set_client */;
/*!50503 SET character_set_client = utf8mb4 */;
CREATE TABLE `classes_teachers_user` (
  `classesId` int NOT NULL,
  `userId` varchar(36) NOT NULL,
  PRIMARY KEY (`classesId`,`userId`),
  KEY `IDX_3c538c5355b1ed407c280d0eca` (`classesId`),
  KEY `IDX_ea3f37176a03a67d048faa1bb8` (`userId`),
  CONSTRAINT `FK_3c538c5355b1ed407c280d0eca2` FOREIGN KEY (`classesId`) REFERENCES `classes` (`id`) ON DELETE CASCADE ON UPDATE CASCADE,
  CONSTRAINT `FK_ea3f37176a03a67d048faa1bb8f` FOREIGN KEY (`userId`) REFERENCES `user` (`id`) ON DELETE CASCADE ON UPDATE CASCADE
) ENGINE=InnoDB DEFAULT CHARSET=utf8mb4 COLLATE=utf8mb4_0900_ai_ci;
/*!40101 SET character_set_client = @saved_cs_client */;

--
-- Dumping data for table `classes_teachers_user`
--

LOCK TABLES `classes_teachers_user` WRITE;
/*!40000 ALTER TABLE `classes_teachers_user` DISABLE KEYS */;
INSERT INTO `classes_teachers_user` VALUES (1,'167f8039-8763-11ed-a031-1c1bb51f4c1c'),(2,'167f8039-8763-11ed-a031-1c1bb51f4c1c'),(3,'167f8039-8763-11ed-a031-1c1bb51f4c1c'),(5,'167f8039-8763-11ed-a031-1c1bb51f4c1c'),(8,'167f8039-8763-11ed-a031-1c1bb51f4c1c');
/*!40000 ALTER TABLE `classes_teachers_user` ENABLE KEYS */;
UNLOCK TABLES;

--
-- Table structure for table `email_spam`
--

DROP TABLE IF EXISTS `email_spam`;
/*!40101 SET @saved_cs_client     = @@character_set_client */;
/*!50503 SET character_set_client = utf8mb4 */;
CREATE TABLE `email_spam` (
  `id` int NOT NULL AUTO_INCREMENT,
  `email` varchar(70) NOT NULL,
  PRIMARY KEY (`id`),
  UNIQUE KEY `IDX_52eb087e1598863b2f09fc1534` (`email`)
) ENGINE=InnoDB DEFAULT CHARSET=utf8mb4 COLLATE=utf8mb4_0900_ai_ci;
/*!40101 SET character_set_client = @saved_cs_client */;

--
-- Dumping data for table `email_spam`
--

LOCK TABLES `email_spam` WRITE;
/*!40000 ALTER TABLE `email_spam` DISABLE KEYS */;
/*!40000 ALTER TABLE `email_spam` ENABLE KEYS */;
UNLOCK TABLES;

--
-- Table structure for table `good_point_reaction`
--

DROP TABLE IF EXISTS `good_point_reaction`;
/*!40101 SET @saved_cs_client     = @@character_set_client */;
/*!50503 SET character_set_client = utf8mb4 */;
CREATE TABLE `good_point_reaction` (
  `id` int NOT NULL AUTO_INCREMENT,
  `good_point_id` int NOT NULL,
  `reaction` enum('Happy','SAD','BLANK','EMPTY_FROM_THE_INSIDE') NOT NULL,
  `sender` enum('DAD','MOM','STUDENT','GRANDPA','GRANDMA') NOT NULL,
  `created` datetime(6) DEFAULT CURRENT_TIMESTAMP(6),
  PRIMARY KEY (`id`),
  KEY `FK_1a402f7849f5d1b4b518d8f154f` (`good_point_id`),
  CONSTRAINT `FK_1a402f7849f5d1b4b518d8f154f` FOREIGN KEY (`good_point_id`) REFERENCES `good_points` (`id`)
) ENGINE=InnoDB DEFAULT CHARSET=utf8mb4 COLLATE=utf8mb4_0900_ai_ci;
/*!40101 SET character_set_client = @saved_cs_client */;

--
-- Dumping data for table `good_point_reaction`
--

LOCK TABLES `good_point_reaction` WRITE;
/*!40000 ALTER TABLE `good_point_reaction` DISABLE KEYS */;
/*!40000 ALTER TABLE `good_point_reaction` ENABLE KEYS */;
UNLOCK TABLES;

--
-- Table structure for table `good_points`
--

DROP TABLE IF EXISTS `good_points`;
/*!40101 SET @saved_cs_client     = @@character_set_client */;
/*!50503 SET character_set_client = utf8mb4 */;
CREATE TABLE `good_points` (
  `id` int NOT NULL AUTO_INCREMENT,
  `created` datetime(6) DEFAULT CURRENT_TIMESTAMP(6),
  `modified` datetime(6) DEFAULT CURRENT_TIMESTAMP(6) ON UPDATE CURRENT_TIMESTAMP(6),
  `student_id` int DEFAULT NULL,
  `gp_link_hash` varchar(100) CHARACTER SET utf8mb4 COLLATE utf8mb4_0900_ai_ci DEFAULT NULL,
  `school_id` int DEFAULT NULL,
  `teacher_id` varchar(36) DEFAULT NULL,
  `view_count` tinyint unsigned DEFAULT NULL,
  `view_count_late` tinyint unsigned DEFAULT NULL,
  `text` varchar(1024) NOT NULL,
  PRIMARY KEY (`id`),
  UNIQUE KEY `IDX_ffa4b7a2390db09fbddc57fd84` (`gp_link_hash`),
  KEY `FK_ff2314d38943c757d39871ac3de` (`school_id`),
  KEY `FK_c16c73fecdb731b9def35f0f557` (`teacher_id`),
  KEY `FK_b3e224c16b9166666f728941ff4` (`student_id`),
  CONSTRAINT `FK_b3e224c16b9166666f728941ff4` FOREIGN KEY (`student_id`) REFERENCES `students` (`id`),
  CONSTRAINT `FK_c16c73fecdb731b9def35f0f557` FOREIGN KEY (`teacher_id`) REFERENCES `user` (`id`) ON DELETE SET NULL,
  CONSTRAINT `FK_ff2314d38943c757d39871ac3de` FOREIGN KEY (`school_id`) REFERENCES `school` (`id`)
) ENGINE=InnoDB AUTO_INCREMENT=53682 DEFAULT CHARSET=utf8mb4 COLLATE=utf8mb4_0900_ai_ci;
/*!40101 SET character_set_client = @saved_cs_client */;

--
-- Dumping data for table `good_points`
--

LOCK TABLES `good_points` WRITE;
/*!40000 ALTER TABLE `good_points` DISABLE KEYS */;
INSERT INTO `good_points` VALUES (1,'2020-05-25 12:29:36.000000',NULL,3494,NULL,1,'167f8550-8763-11ed-a031-1c1bb51f4c1c',NULL,NULL,''),(1192,'2020-07-16 12:13:04.000000',NULL,3494,NULL,1,'167f8550-8763-11ed-a031-1c1bb51f4c1c',NULL,NULL,''),(1239,'2020-09-08 16:04:04.000000',NULL,3494,NULL,1,'167f8550-8763-11ed-a031-1c1bb51f4c1c',NULL,NULL,''),(50665,'2023-01-29 15:50:28.492600','2023-01-29 15:50:28.492600',3472,'0b2099',1,'167f865c-8763-11ed-a031-1c1bb51f4c1c',NULL,NULL,'יהודה שיתף את מיכל בקוד'),(50666,'2023-01-29 15:50:34.724376','2023-01-29 15:50:34.724376',3472,'7a3f1d',1,'167f865c-8763-11ed-a031-1c1bb51f4c1c',NULL,NULL,'יהודה הגיש עזרה לחבר בהפסקה'),(50667,'2023-01-29 15:50:44.021825','2023-01-29 15:50:44.021825',3482,'488122',1,'167f865c-8763-11ed-a031-1c1bb51f4c1c',NULL,NULL,'אושר קיבל תפקיד בכיתה וממלא אותו באחריות'),(50668,'2023-01-29 15:50:51.821140','2023-01-29 15:50:51.821140',3479,'9fefda',1,'167f865c-8763-11ed-a031-1c1bb51f4c1c',NULL,NULL,'ליאם הגיש עזרה לחבר בהפסקה'),(50669,'2023-01-29 15:56:51.444609','2023-01-29 15:56:51.444609',3473,'b40ebc',1,'167f875f-8763-11ed-a031-1c1bb51f4c1c',NULL,NULL,'אופק השתתף בשיעור בצורה יוצאת דופן'),(50670,'2023-01-29 15:56:54.019936','2023-01-29 15:56:54.019936',3473,'5b0333',1,'167f875f-8763-11ed-a031-1c1bb51f4c1c',NULL,NULL,'אופק הכין שיעורי בית'),(50671,'2023-01-29 15:57:00.997842','2023-01-29 15:57:00.997842',3475,'15e91f',1,'167f875f-8763-11ed-a031-1c1bb51f4c1c',NULL,NULL,'שי הכין שיעורי בית'),(50672,'2023-01-29 15:57:04.785484','2023-01-29 15:57:04.785484',3475,'64f893',1,'167f875f-8763-11ed-a031-1c1bb51f4c1c',NULL,NULL,'שי התנדב היום לעזור'),(50673,'2023-01-29 15:57:33.698118','2023-01-29 15:57:33.698118',3474,'6a835d',1,'167f840d-8763-11ed-a031-1c1bb51f4c1c',NULL,NULL,'טיאגו הכין שיעורי בית '),(50674,'2023-01-29 15:57:43.366456','2023-01-29 15:57:43.366456',3486,'9d3725',1,'167f840d-8763-11ed-a031-1c1bb51f4c1c',NULL,NULL,'עומר התגבר היום על קושי '),(50675,'2023-01-29 15:58:40.841459','2023-01-29 15:58:40.841459',3477,'424aa1',1,'167f840d-8763-11ed-a031-1c1bb51f4c1c',NULL,NULL,'ליאם השתתף בשיעור בצורה יוצאת דופן'),(50676,'2023-02-01 10:39:09.382947','2023-02-01 10:39:09.382947',3466,NULL,1,'167f865c-8763-11ed-a031-1c1bb51f4c1c',NULL,NULL,'תלמיד טוב'),(50677,'2023-02-01 10:39:57.248585','2023-02-01 10:39:57.248585',3466,NULL,1,'167f865c-8763-11ed-a031-1c1bb51f4c1c',NULL,NULL,'תלמיד טוב'),(50678,'2023-02-01 10:39:57.648626','2023-02-01 10:39:57.648626',3466,NULL,1,'167f865c-8763-11ed-a031-1c1bb51f4c1c',NULL,NULL,'תלמיד טוב'),(50679,'2023-02-01 10:39:57.896578','2023-02-01 10:39:57.896578',3466,NULL,1,'167f865c-8763-11ed-a031-1c1bb51f4c1c',NULL,NULL,'תלמיד טוב'),(50680,'2023-02-01 10:39:58.072427','2023-02-01 10:39:58.072427',3466,NULL,1,'167f865c-8763-11ed-a031-1c1bb51f4c1c',NULL,NULL,'תלמיד טוב'),(50681,'2023-02-01 10:39:58.272357','2023-02-01 10:39:58.272357',3466,NULL,1,'167f865c-8763-11ed-a031-1c1bb51f4c1c',NULL,NULL,'תלמיד טוב'),(50682,'2023-02-01 10:39:58.456519','2023-02-01 10:39:58.456519',3466,NULL,1,'167f865c-8763-11ed-a031-1c1bb51f4c1c',NULL,NULL,'תלמיד טוב'),(50683,'2023-02-01 10:39:58.648558','2023-02-01 10:39:58.648558',3466,NULL,1,'167f865c-8763-11ed-a031-1c1bb51f4c1c',NULL,NULL,'תלמיד טוב'),(50684,'2023-02-01 10:39:58.840541','2023-02-01 10:39:58.840541',3466,NULL,1,'167f865c-8763-11ed-a031-1c1bb51f4c1c',NULL,NULL,'תלמיד טוב'),(50685,'2023-02-01 10:39:59.016287','2023-02-01 10:39:59.016287',3466,NULL,1,'167f865c-8763-11ed-a031-1c1bb51f4c1c',NULL,NULL,'תלמיד טוב'),(50686,'2023-02-01 10:39:59.200445','2023-02-01 10:39:59.200445',3466,NULL,1,'167f865c-8763-11ed-a031-1c1bb51f4c1c',NULL,NULL,'תלמיד טוב'),(50687,'2023-02-01 10:39:59.376430','2023-02-01 10:39:59.376430',3466,NULL,1,'167f865c-8763-11ed-a031-1c1bb51f4c1c',NULL,NULL,'תלמיד טוב'),(50688,'2023-02-01 10:39:59.560566','2023-02-01 10:39:59.560566',3466,NULL,1,'167f865c-8763-11ed-a031-1c1bb51f4c1c',NULL,NULL,'תלמיד טוב'),(50689,'2023-02-01 10:39:59.736474','2023-02-01 10:39:59.736474',3466,NULL,1,'167f865c-8763-11ed-a031-1c1bb51f4c1c',NULL,NULL,'תלמיד טוב'),(50690,'2023-02-01 10:39:59.912468','2023-02-01 10:39:59.912468',3466,NULL,1,'167f865c-8763-11ed-a031-1c1bb51f4c1c',NULL,NULL,'תלמיד טוב'),(50691,'2023-02-01 10:40:00.088348','2023-02-01 10:40:00.088348',3466,NULL,1,'167f865c-8763-11ed-a031-1c1bb51f4c1c',NULL,NULL,'תלמיד טוב'),(50692,'2023-02-01 10:40:00.264416','2023-02-01 10:40:00.264416',3466,NULL,1,'167f865c-8763-11ed-a031-1c1bb51f4c1c',NULL,NULL,'תלמיד טוב'),(50693,'2023-02-01 10:40:00.448423','2023-02-01 10:40:00.448423',3466,NULL,1,'167f865c-8763-11ed-a031-1c1bb51f4c1c',NULL,NULL,'תלמיד טוב'),(50694,'2023-02-01 10:40:00.608463','2023-02-01 10:40:00.608463',3466,NULL,1,'167f865c-8763-11ed-a031-1c1bb51f4c1c',NULL,NULL,'תלמיד טוב'),(50695,'2023-02-01 10:40:00.792561','2023-02-01 10:40:00.792561',3466,NULL,1,'167f865c-8763-11ed-a031-1c1bb51f4c1c',NULL,NULL,'תלמיד טוב'),(50696,'2023-02-01 10:40:00.976533','2023-02-01 10:40:00.976533',3466,NULL,1,'167f865c-8763-11ed-a031-1c1bb51f4c1c',NULL,NULL,'תלמיד טוב'),(50697,'2023-02-01 10:40:01.144602','2023-02-01 10:40:01.144602',3466,NULL,1,'167f865c-8763-11ed-a031-1c1bb51f4c1c',NULL,NULL,'תלמיד טוב'),(50698,'2023-02-01 10:40:01.321119','2023-02-01 10:40:01.321119',3466,NULL,1,'167f865c-8763-11ed-a031-1c1bb51f4c1c',NULL,NULL,'תלמיד טוב'),(50699,'2023-02-01 10:40:01.504606','2023-02-01 10:40:01.504606',3466,NULL,1,'167f865c-8763-11ed-a031-1c1bb51f4c1c',NULL,NULL,'תלמיד טוב'),(50700,'2023-02-01 10:40:01.689169','2023-02-01 10:40:01.689169',3466,NULL,1,'167f865c-8763-11ed-a031-1c1bb51f4c1c',NULL,NULL,'תלמיד טוב'),(50701,'2023-02-01 10:40:01.873012','2023-02-01 10:40:01.873012',3466,NULL,1,'167f865c-8763-11ed-a031-1c1bb51f4c1c',NULL,NULL,'תלמיד טוב'),(50702,'2023-02-01 10:40:02.040394','2023-02-01 10:40:02.040394',3466,NULL,1,'167f865c-8763-11ed-a031-1c1bb51f4c1c',NULL,NULL,'תלמיד טוב'),(50703,'2023-02-01 10:40:02.216609','2023-02-01 10:40:02.216609',3466,NULL,1,'167f865c-8763-11ed-a031-1c1bb51f4c1c',NULL,NULL,'תלמיד טוב'),(50704,'2023-02-01 10:40:02.384321','2023-02-01 10:40:02.384321',3466,NULL,1,'167f865c-8763-11ed-a031-1c1bb51f4c1c',NULL,NULL,'תלמיד טוב'),(50705,'2023-02-01 10:40:02.554678','2023-02-01 10:40:02.554678',3466,NULL,1,'167f865c-8763-11ed-a031-1c1bb51f4c1c',NULL,NULL,'תלמיד טוב'),(50706,'2023-02-01 10:40:02.744537','2023-02-01 10:40:02.744537',3466,NULL,1,'167f865c-8763-11ed-a031-1c1bb51f4c1c',NULL,NULL,'תלמיד טוב'),(50707,'2023-02-01 10:40:02.928554','2023-02-01 10:40:02.928554',3466,NULL,1,'167f865c-8763-11ed-a031-1c1bb51f4c1c',NULL,NULL,'תלמיד טוב'),(50708,'2023-02-01 10:40:03.104167','2023-02-01 10:40:03.104167',3466,NULL,1,'167f865c-8763-11ed-a031-1c1bb51f4c1c',NULL,NULL,'תלמיד טוב'),(50709,'2023-02-01 10:40:03.288589','2023-02-01 10:40:03.288589',3466,NULL,1,'167f865c-8763-11ed-a031-1c1bb51f4c1c',NULL,NULL,'תלמיד טוב'),(50710,'2023-02-01 10:40:03.456384','2023-02-01 10:40:03.456384',3466,NULL,1,'167f865c-8763-11ed-a031-1c1bb51f4c1c',NULL,NULL,'תלמיד טוב'),(50711,'2023-02-01 10:40:03.632686','2023-02-01 10:40:03.632686',3466,NULL,1,'167f865c-8763-11ed-a031-1c1bb51f4c1c',NULL,NULL,'תלמיד טוב'),(50712,'2023-02-01 10:40:03.808606','2023-02-01 10:40:03.808606',3466,NULL,1,'167f865c-8763-11ed-a031-1c1bb51f4c1c',NULL,NULL,'תלמיד טוב'),(50713,'2023-02-01 10:40:03.992461','2023-02-01 10:40:03.992461',3466,NULL,1,'167f865c-8763-11ed-a031-1c1bb51f4c1c',NULL,NULL,'תלמיד טוב'),(50714,'2023-02-01 10:40:04.168519','2023-02-01 10:40:04.168519',3466,NULL,1,'167f865c-8763-11ed-a031-1c1bb51f4c1c',NULL,NULL,'תלמיד טוב'),(50715,'2023-02-01 10:40:04.352500','2023-02-01 10:40:04.352500',3466,NULL,1,'167f865c-8763-11ed-a031-1c1bb51f4c1c',NULL,NULL,'תלמיד טוב'),(50716,'2023-02-01 10:40:04.520770','2023-02-01 10:40:04.520770',3466,NULL,1,'167f865c-8763-11ed-a031-1c1bb51f4c1c',NULL,NULL,'תלמיד טוב'),(50717,'2023-02-01 10:40:04.696274','2023-02-01 10:40:04.696274',3466,NULL,1,'167f865c-8763-11ed-a031-1c1bb51f4c1c',NULL,NULL,'תלמיד טוב'),(50718,'2023-02-01 10:40:04.872516','2023-02-01 10:40:04.872516',3466,NULL,1,'167f865c-8763-11ed-a031-1c1bb51f4c1c',NULL,NULL,'תלמיד טוב'),(50719,'2023-02-01 10:40:05.041594','2023-02-01 10:40:05.041594',3466,NULL,1,'167f865c-8763-11ed-a031-1c1bb51f4c1c',NULL,NULL,'תלמיד טוב'),(50720,'2023-02-01 10:40:05.224514','2023-02-01 10:40:05.224514',3466,NULL,1,'167f865c-8763-11ed-a031-1c1bb51f4c1c',NULL,NULL,'תלמיד טוב'),(50721,'2023-02-01 10:40:05.400372','2023-02-01 10:40:05.400372',3466,NULL,1,'167f865c-8763-11ed-a031-1c1bb51f4c1c',NULL,NULL,'תלמיד טוב'),(50722,'2023-02-01 10:40:05.584489','2023-02-01 10:40:05.584489',3466,NULL,1,'167f865c-8763-11ed-a031-1c1bb51f4c1c',NULL,NULL,'תלמיד טוב'),(50723,'2023-02-01 10:40:05.768355','2023-02-01 10:40:05.768355',3466,NULL,1,'167f865c-8763-11ed-a031-1c1bb51f4c1c',NULL,NULL,'תלמיד טוב'),(50724,'2023-02-01 10:40:05.944989','2023-02-01 10:40:05.944989',3466,NULL,1,'167f865c-8763-11ed-a031-1c1bb51f4c1c',NULL,NULL,'תלמיד טוב'),(50725,'2023-02-01 10:40:06.128447','2023-02-01 10:40:06.128447',3466,NULL,1,'167f865c-8763-11ed-a031-1c1bb51f4c1c',NULL,NULL,'תלמיד טוב'),(50726,'2023-02-01 10:40:06.304301','2023-02-01 10:40:06.304301',3466,NULL,1,'167f865c-8763-11ed-a031-1c1bb51f4c1c',NULL,NULL,'תלמיד טוב'),(50727,'2023-02-01 10:40:06.496517','2023-02-01 10:40:06.496517',3466,NULL,1,'167f865c-8763-11ed-a031-1c1bb51f4c1c',NULL,NULL,'תלמיד טוב'),(50728,'2023-02-01 10:40:06.680416','2023-02-01 10:40:06.680416',3466,NULL,1,'167f865c-8763-11ed-a031-1c1bb51f4c1c',NULL,NULL,'תלמיד טוב'),(50729,'2023-02-01 10:40:06.856410','2023-02-01 10:40:06.856410',3466,NULL,1,'167f865c-8763-11ed-a031-1c1bb51f4c1c',NULL,NULL,'תלמיד טוב'),(50730,'2023-02-01 10:40:07.032374','2023-02-01 10:40:07.032374',3466,NULL,1,'167f865c-8763-11ed-a031-1c1bb51f4c1c',NULL,NULL,'תלמיד טוב'),(50731,'2023-02-01 10:40:07.208907','2023-02-01 10:40:07.208907',3466,NULL,1,'167f865c-8763-11ed-a031-1c1bb51f4c1c',NULL,NULL,'תלמיד טוב'),(50732,'2023-02-01 10:40:07.392606','2023-02-01 10:40:07.392606',3466,NULL,1,'167f865c-8763-11ed-a031-1c1bb51f4c1c',NULL,NULL,'תלמיד טוב'),(50733,'2023-02-01 10:40:07.576470','2023-02-01 10:40:07.576470',3466,NULL,1,'167f865c-8763-11ed-a031-1c1bb51f4c1c',NULL,NULL,'תלמיד טוב'),(50734,'2023-02-01 10:40:07.768331','2023-02-01 10:40:07.768331',3466,NULL,1,'167f865c-8763-11ed-a031-1c1bb51f4c1c',NULL,NULL,'תלמיד טוב'),(50735,'2023-02-01 10:40:07.952299','2023-02-01 10:40:07.952299',3466,NULL,1,'167f865c-8763-11ed-a031-1c1bb51f4c1c',NULL,NULL,'תלמיד טוב'),(50736,'2023-02-01 10:40:08.136448','2023-02-01 10:40:08.136448',3466,NULL,1,'167f865c-8763-11ed-a031-1c1bb51f4c1c',NULL,NULL,'תלמיד טוב'),(50737,'2023-02-01 10:40:08.328528','2023-02-01 10:40:08.328528',3466,NULL,1,'167f865c-8763-11ed-a031-1c1bb51f4c1c',NULL,NULL,'תלמיד טוב'),(50738,'2023-02-01 10:40:08.500698','2023-02-01 10:40:08.500698',3466,NULL,1,'167f865c-8763-11ed-a031-1c1bb51f4c1c',NULL,NULL,'תלמיד טוב'),(50739,'2023-02-01 10:40:08.680428','2023-02-01 10:40:08.680428',3466,NULL,1,'167f865c-8763-11ed-a031-1c1bb51f4c1c',NULL,NULL,'תלמיד טוב'),(50740,'2023-02-01 10:40:08.864322','2023-02-01 10:40:08.864322',3466,NULL,1,'167f865c-8763-11ed-a031-1c1bb51f4c1c',NULL,NULL,'תלמיד טוב'),(50741,'2023-02-01 10:40:09.056682','2023-02-01 10:40:09.056682',3466,NULL,1,'167f865c-8763-11ed-a031-1c1bb51f4c1c',NULL,NULL,'תלמיד טוב'),(50742,'2023-02-01 10:40:09.270574','2023-02-01 10:40:09.270574',3466,NULL,1,'167f865c-8763-11ed-a031-1c1bb51f4c1c',NULL,NULL,'תלמיד טוב'),(50743,'2023-02-01 10:40:09.424498','2023-02-01 10:40:09.424498',3466,NULL,1,'167f865c-8763-11ed-a031-1c1bb51f4c1c',NULL,NULL,'תלמיד טוב'),(50744,'2023-02-01 10:40:09.592469','2023-02-01 10:40:09.592469',3466,NULL,1,'167f865c-8763-11ed-a031-1c1bb51f4c1c',NULL,NULL,'תלמיד טוב'),(50745,'2023-02-01 10:40:09.784249','2023-02-01 10:40:09.784249',3466,NULL,1,'167f865c-8763-11ed-a031-1c1bb51f4c1c',NULL,NULL,'תלמיד טוב'),(50746,'2023-02-01 10:40:09.935724','2023-02-01 10:40:09.935724',3466,NULL,1,'167f865c-8763-11ed-a031-1c1bb51f4c1c',NULL,NULL,'תלמיד טוב'),(50747,'2023-02-01 10:40:10.128579','2023-02-01 10:40:10.128579',3466,NULL,1,'167f865c-8763-11ed-a031-1c1bb51f4c1c',NULL,NULL,'תלמיד טוב'),(50748,'2023-02-01 10:40:10.305123','2023-02-01 10:40:10.305123',3466,NULL,1,'167f865c-8763-11ed-a031-1c1bb51f4c1c',NULL,NULL,'תלמיד טוב'),(50749,'2023-02-01 10:40:10.480460','2023-02-01 10:40:10.480460',3466,NULL,1,'167f865c-8763-11ed-a031-1c1bb51f4c1c',NULL,NULL,'תלמיד טוב'),(50750,'2023-02-01 10:40:10.657669','2023-02-01 10:40:10.657669',3466,NULL,1,'167f865c-8763-11ed-a031-1c1bb51f4c1c',NULL,NULL,'תלמיד טוב'),(50751,'2023-02-01 10:40:10.856294','2023-02-01 10:40:10.856294',3466,NULL,1,'167f865c-8763-11ed-a031-1c1bb51f4c1c',NULL,NULL,'תלמיד טוב'),(50752,'2023-02-01 10:40:11.048431','2023-02-01 10:40:11.048431',3466,NULL,1,'167f865c-8763-11ed-a031-1c1bb51f4c1c',NULL,NULL,'תלמיד טוב'),(50753,'2023-02-01 10:40:11.240538','2023-02-01 10:40:11.240538',3466,NULL,1,'167f865c-8763-11ed-a031-1c1bb51f4c1c',NULL,NULL,'תלמיד טוב'),(50754,'2023-02-01 10:40:11.416448','2023-02-01 10:40:11.416448',3466,NULL,1,'167f865c-8763-11ed-a031-1c1bb51f4c1c',NULL,NULL,'תלמיד טוב'),(50755,'2023-02-01 10:40:11.584460','2023-02-01 10:40:11.584460',3466,NULL,1,'167f865c-8763-11ed-a031-1c1bb51f4c1c',NULL,NULL,'תלמיד טוב'),(50756,'2023-02-01 10:40:11.744357','2023-02-01 10:40:11.744357',3466,NULL,1,'167f865c-8763-11ed-a031-1c1bb51f4c1c',NULL,NULL,'תלמיד טוב'),(50757,'2023-02-01 10:40:11.928416','2023-02-01 10:40:11.928416',3466,NULL,1,'167f865c-8763-11ed-a031-1c1bb51f4c1c',NULL,NULL,'תלמיד טוב'),(50758,'2023-02-01 10:40:12.120293','2023-02-01 10:40:12.120293',3466,NULL,1,'167f865c-8763-11ed-a031-1c1bb51f4c1c',NULL,NULL,'תלמיד טוב'),(50759,'2023-02-01 10:40:12.296320','2023-02-01 10:40:12.296320',3466,NULL,1,'167f865c-8763-11ed-a031-1c1bb51f4c1c',NULL,NULL,'תלמיד טוב'),(50760,'2023-02-01 10:40:12.471934','2023-02-01 10:40:12.471934',3466,NULL,1,'167f865c-8763-11ed-a031-1c1bb51f4c1c',NULL,NULL,'תלמיד טוב'),(50761,'2023-02-01 10:40:12.656344','2023-02-01 10:40:12.656344',3466,NULL,1,'167f865c-8763-11ed-a031-1c1bb51f4c1c',NULL,NULL,'תלמיד טוב'),(50762,'2023-02-01 10:40:12.840467','2023-02-01 10:40:12.840467',3466,NULL,1,'167f865c-8763-11ed-a031-1c1bb51f4c1c',NULL,NULL,'תלמיד טוב'),(50763,'2023-02-01 10:40:13.024487','2023-02-01 10:40:13.024487',3466,NULL,1,'167f865c-8763-11ed-a031-1c1bb51f4c1c',NULL,NULL,'תלמיד טוב'),(50764,'2023-02-01 10:40:13.208618','2023-02-01 10:40:13.208618',3466,NULL,1,'167f865c-8763-11ed-a031-1c1bb51f4c1c',NULL,NULL,'תלמיד טוב'),(50765,'2023-02-01 10:40:13.400386','2023-02-01 10:40:13.400386',3466,NULL,1,'167f865c-8763-11ed-a031-1c1bb51f4c1c',NULL,NULL,'תלמיד טוב'),(50766,'2023-02-01 10:40:13.568395','2023-02-01 10:40:13.568395',3466,NULL,1,'167f865c-8763-11ed-a031-1c1bb51f4c1c',NULL,NULL,'תלמיד טוב'),(50767,'2023-02-01 10:40:13.754672','2023-02-01 10:40:13.754672',3466,NULL,1,'167f865c-8763-11ed-a031-1c1bb51f4c1c',NULL,NULL,'תלמיד טוב'),(50768,'2023-02-01 10:40:13.951617','2023-02-01 10:40:13.951617',3466,NULL,1,'167f865c-8763-11ed-a031-1c1bb51f4c1c',NULL,NULL,'תלמיד טוב'),(50769,'2023-02-01 10:40:14.152443','2023-02-01 10:40:14.152443',3466,NULL,1,'167f865c-8763-11ed-a031-1c1bb51f4c1c',NULL,NULL,'תלמיד טוב'),(50770,'2023-02-01 10:40:14.336308','2023-02-01 10:40:14.336308',3466,NULL,1,'167f865c-8763-11ed-a031-1c1bb51f4c1c',NULL,NULL,'תלמיד טוב'),(50771,'2023-02-01 10:40:14.520338','2023-02-01 10:40:14.520338',3466,NULL,1,'167f865c-8763-11ed-a031-1c1bb51f4c1c',NULL,NULL,'תלמיד טוב'),(50772,'2023-02-01 10:40:14.704774','2023-02-01 10:40:14.704774',3466,NULL,1,'167f865c-8763-11ed-a031-1c1bb51f4c1c',NULL,NULL,'תלמיד טוב'),(50773,'2023-02-01 10:40:14.904283','2023-02-01 10:40:14.904283',3466,NULL,1,'167f865c-8763-11ed-a031-1c1bb51f4c1c',NULL,NULL,'תלמיד טוב'),(50774,'2023-02-01 10:40:15.088384','2023-02-01 10:40:15.088384',3466,NULL,1,'167f865c-8763-11ed-a031-1c1bb51f4c1c',NULL,NULL,'תלמיד טוב'),(50775,'2023-02-01 10:40:15.280410','2023-02-01 10:40:15.280410',3466,NULL,1,'167f865c-8763-11ed-a031-1c1bb51f4c1c',NULL,NULL,'תלמיד טוב'),(50776,'2023-02-01 10:40:15.472132','2023-02-01 10:40:15.472132',3466,NULL,1,'167f865c-8763-11ed-a031-1c1bb51f4c1c',NULL,NULL,'תלמיד טוב'),(50777,'2023-02-01 10:40:15.656373','2023-02-01 10:40:15.656373',3466,NULL,1,'167f865c-8763-11ed-a031-1c1bb51f4c1c',NULL,NULL,'תלמיד טוב'),(50778,'2023-02-01 10:40:15.840407','2023-02-01 10:40:15.840407',3466,NULL,1,'167f865c-8763-11ed-a031-1c1bb51f4c1c',NULL,NULL,'תלמיד טוב'),(50779,'2023-02-01 10:40:16.024358','2023-02-01 10:40:16.024358',3466,NULL,1,'167f865c-8763-11ed-a031-1c1bb51f4c1c',NULL,NULL,'תלמיד טוב'),(50780,'2023-02-01 10:40:16.192293','2023-02-01 10:40:16.192293',3466,NULL,1,'167f865c-8763-11ed-a031-1c1bb51f4c1c',NULL,NULL,'תלמיד טוב'),(50781,'2023-02-01 10:40:16.384591','2023-02-01 10:40:16.384591',3466,NULL,1,'167f865c-8763-11ed-a031-1c1bb51f4c1c',NULL,NULL,'תלמיד טוב'),(50782,'2023-02-01 11:19:41.357928','2023-02-01 11:19:41.357928',3476,'976f28',1,'167f865c-8763-11ed-a031-1c1bb51f4c1c',NULL,NULL,'מלאכי השתתף בשיעור בצורה יוצאת דופן'),(50783,'2023-02-01 11:19:45.400213','2023-02-01 11:19:45.400213',3476,'7951bf',1,'167f865c-8763-11ed-a031-1c1bb51f4c1c',NULL,NULL,'מלאכי שיתף את'),(50784,'2023-02-01 11:19:59.321244','2023-02-01 11:19:59.321244',3476,'133cfa',1,'167f865c-8763-11ed-a031-1c1bb51f4c1c',NULL,NULL,'כל הכבוד!'),(50785,'2023-02-01 11:20:44.219019','2023-02-01 11:20:44.219019',3475,'33962d',1,'167f865c-8763-11ed-a031-1c1bb51f4c1c',NULL,NULL,'שי הכין שיעורי בית '),(50786,'2023-02-01 11:21:00.544068','2023-02-01 11:21:00.544068',3473,'b8791f',1,'167f865c-8763-11ed-a031-1c1bb51f4c1c',NULL,NULL,'אופק הכין שיעורי בית '),(50787,'2023-02-01 11:21:05.552650','2023-02-01 11:21:05.552650',3473,'155f5e',1,'167f865c-8763-11ed-a031-1c1bb51f4c1c',NULL,NULL,'אופק הגיש עזרה לחבר בהפסקה'),(50788,'2023-02-01 11:21:08.241935','2023-02-01 11:21:08.241935',3473,'49947d',1,'167f865c-8763-11ed-a031-1c1bb51f4c1c',NULL,NULL,'אופק השתתף בשיעור בצורה יוצאת דופן'),(50789,'2023-02-01 11:21:09.986223','2023-02-01 11:21:09.986223',3473,'35f724',1,'167f865c-8763-11ed-a031-1c1bb51f4c1c',NULL,NULL,'אופק גילה רגישות מיוחדת לחבר'),(50790,'2023-02-01 11:21:12.531905','2023-02-01 11:21:12.531905',3473,'36f773',1,'167f865c-8763-11ed-a031-1c1bb51f4c1c',NULL,NULL,'אופק הכין שיעורי בית '),(50791,'2023-02-01 11:21:14.496467','2023-02-01 11:21:14.496467',3473,'5bab75',1,'167f865c-8763-11ed-a031-1c1bb51f4c1c',NULL,NULL,'אופק קיבל תפקיד בכיתה וממלא אותו באחריות'),(50792,'2023-02-01 11:21:16.512934','2023-02-01 11:21:16.512934',3473,'fd063f',1,'167f865c-8763-11ed-a031-1c1bb51f4c1c',NULL,NULL,'אופק גילה רגישות מיוחדת לחבר'),(50793,'2023-02-01 11:21:37.570119','2023-02-01 11:21:37.570119',3473,'d2eccf',1,'167f865c-8763-11ed-a031-1c1bb51f4c1c',NULL,NULL,'אופק הכין שיעורי בית '),(50794,'2023-02-01 11:21:43.658892','2023-02-01 11:21:43.658892',3473,'0ff6f3',1,'167f865c-8763-11ed-a031-1c1bb51f4c1c',NULL,NULL,'אופק הכין שיעורי בית'),(50795,'2023-02-01 11:21:46.444107','2023-02-01 11:21:46.444107',3473,'dee2a8',1,'167f865c-8763-11ed-a031-1c1bb51f4c1c',NULL,NULL,'אופק גילה בגרות'),(50796,'2023-02-01 11:21:50.891698','2023-02-01 11:21:50.891698',3473,'ba18c8',1,'167f865c-8763-11ed-a031-1c1bb51f4c1c',NULL,NULL,'אופק העשיר אותנו היום מחפצים הנמצאים בביתו'),(50797,'2023-02-01 11:21:52.807007','2023-02-01 11:21:52.807007',3473,'359a1f',1,'167f865c-8763-11ed-a031-1c1bb51f4c1c',NULL,NULL,'אופק הקריא היום טקסט לכל הכיתה בצורה רהוטה ומכובדת'),(50798,'2023-02-01 11:21:54.440570','2023-02-01 11:21:54.440570',3473,'baadee',1,'167f865c-8763-11ed-a031-1c1bb51f4c1c',NULL,NULL,'אופק מגלה עצמאות ואחריות בלמידה.'),(50799,'2023-02-01 11:21:56.875287','2023-02-01 11:21:56.875287',3473,'578ef0',1,'167f865c-8763-11ed-a031-1c1bb51f4c1c',NULL,NULL,'אופק שיתף את'),(50800,'2023-02-01 11:21:58.703665','2023-02-01 11:21:58.703665',3473,'a535e8',1,'167f865c-8763-11ed-a031-1c1bb51f4c1c',NULL,NULL,'אופק ויתר לחברו'),(50801,'2023-02-01 11:22:02.039561','2023-02-01 11:22:02.039561',3473,'09c0e1',1,'167f865c-8763-11ed-a031-1c1bb51f4c1c',NULL,NULL,'אופק גילה בגרות'),(50802,'2023-02-01 11:22:03.872349','2023-02-01 11:22:03.872349',3473,'c8ded7',1,'167f865c-8763-11ed-a031-1c1bb51f4c1c',NULL,NULL,'אופק גילה רגישות מיוחדת לחבר'),(50803,'2023-02-01 11:22:25.816760','2023-02-01 11:22:25.816760',3473,'d0d29e',1,'167f865c-8763-11ed-a031-1c1bb51f4c1c',NULL,NULL,'אופק הגיש עזרה לחבר בהפסקה'),(50804,'2023-02-01 11:22:40.180756','2023-02-01 11:22:40.180756',3473,'999da2',1,'167f865c-8763-11ed-a031-1c1bb51f4c1c',NULL,NULL,'אופק שיתף את'),(50805,'2023-02-01 11:22:46.200044','2023-02-01 11:22:46.200044',3473,'14f4a3',1,'167f865c-8763-11ed-a031-1c1bb51f4c1c',NULL,NULL,'אופק השתתף היום באופן פעיל בשיעור הזום'),(50806,'2023-02-01 11:22:51.099375','2023-02-01 11:22:51.099375',3473,'ddf253',1,'167f865c-8763-11ed-a031-1c1bb51f4c1c',NULL,NULL,'אופק קיבל תפקיד בכיתה וממלא אותו באחריות'),(50807,'2023-02-01 11:22:53.704846','2023-02-01 11:22:53.704846',3473,'772408',1,'167f865c-8763-11ed-a031-1c1bb51f4c1c',NULL,NULL,'אופק השתתף היום באופן פעיל בשיעור הזום'),(50808,'2023-02-01 11:22:55.430674','2023-02-01 11:22:55.430674',3473,'749bd9',1,'167f865c-8763-11ed-a031-1c1bb51f4c1c',NULL,NULL,'אופק הגיע בזמן לשיעור הזום'),(50809,'2023-02-01 11:22:57.279052','2023-02-01 11:22:57.279052',3473,'580de7',1,'167f865c-8763-11ed-a031-1c1bb51f4c1c',NULL,NULL,'אופק הגיש עזרה לחבר בהפסקה'),(50810,'2023-02-01 11:22:59.286325','2023-02-01 11:22:59.286325',3473,'498414',1,'167f865c-8763-11ed-a031-1c1bb51f4c1c',NULL,NULL,'אופק הכין שיעורי בית '),(50811,'2023-02-01 11:23:11.225949','2023-02-01 11:23:11.225949',3473,'a74811',1,'167f865c-8763-11ed-a031-1c1bb51f4c1c',NULL,NULL,'אופק הכין שיעורי בית '),(50812,'2023-02-01 11:23:13.081306','2023-02-01 11:23:13.081306',3473,'4e7425',1,'167f865c-8763-11ed-a031-1c1bb51f4c1c',NULL,NULL,'אופק שיתף את'),(50813,'2023-02-01 11:23:14.612962','2023-02-01 11:23:14.612962',3473,'a4589f',1,'167f865c-8763-11ed-a031-1c1bb51f4c1c',NULL,NULL,'אופק הכין שיעורי בית'),(50814,'2023-02-01 11:41:49.722171','2023-02-01 11:41:49.722171',3480,'d98b14',1,'167f865c-8763-11ed-a031-1c1bb51f4c1c',NULL,NULL,'שיאל הכין שיעורי בית '),(50815,'2023-02-01 11:42:08.611879','2023-02-01 11:42:08.611879',3473,'0d89aa',1,'167f865c-8763-11ed-a031-1c1bb51f4c1c',NULL,NULL,'אופק השתתף בשיעור בצורה יוצאת דופן'),(50816,'2023-02-01 12:00:35.834065','2023-02-01 12:00:35.834065',3473,'dc52f3',1,'167f865c-8763-11ed-a031-1c1bb51f4c1c',NULL,NULL,'אופק הכין שיעורי בית clkjlkj'),(50817,'2023-02-01 12:01:35.512375','2023-02-01 12:01:35.512375',3485,'bbb986',1,'167f865c-8763-11ed-a031-1c1bb51f4c1c',NULL,NULL,'אופיר גילה רגישות מיוחדת לחבר'),(50818,'2023-02-06 12:29:38.715844','2023-02-06 12:29:38.715844',3473,'a8cd972',1,'167f865c-8763-11ed-a031-1c1bb51f4c1c',NULL,NULL,'test'),(50819,'2023-02-06 12:29:47.931407','2023-02-06 12:29:47.931407',3473,'a0978f4',1,'167f865c-8763-11ed-a031-1c1bb51f4c1c',NULL,NULL,'אופק שיתף את jcrhu'),(50820,'2023-02-06 12:35:47.131428','2023-02-06 12:35:47.131428',3471,'4bbbf27',1,'167f865c-8763-11ed-a031-1c1bb51f4c1c',NULL,NULL,'יעקב השתתף בשיעור בצורה יוצאת דופן'),(50821,'2023-02-06 12:56:19.443825','2023-02-06 12:56:19.443825',3487,'b76fa13',1,'167f865c-8763-11ed-a031-1c1bb51f4c1c',NULL,NULL,'יצחק הכין שיעורי בית '),(50822,'2023-02-06 12:56:26.256428','2023-02-06 12:56:26.256428',3487,'7aa7fbc',1,'167f865c-8763-11ed-a031-1c1bb51f4c1c',NULL,NULL,'יצחק השתתף היום באופן פעיל בשיעור הזום'),(50823,'2023-02-06 12:56:57.659870','2023-02-06 12:56:57.659870',3487,'b6ce7a8',1,'167f865c-8763-11ed-a031-1c1bb51f4c1c',NULL,NULL,'יצחק קיבל תפקיד בכיתה וממלא אותו באחריות'),(52618,'2023-02-06 12:58:57.856009','2023-02-06 12:58:57.856009',3487,'db222a7',1,'167f865c-8763-11ed-a031-1c1bb51f4c1c',NULL,NULL,'יצחק השתתף היום באופן פעיל בשיעור הזום'),(52619,'2023-02-06 14:06:52.118080','2023-02-06 14:06:52.118080',3487,'f699f5e',1,'167f865c-8763-11ed-a031-1c1bb51f4c1c',NULL,NULL,'4545454'),(52620,'2023-02-06 14:06:58.622317','2023-02-06 14:06:58.622317',3487,'36ac1fb',1,'167f865c-8763-11ed-a031-1c1bb51f4c1c',NULL,NULL,'11212\n12121\n12121\n1212'),(52621,'2023-02-06 14:07:28.408066','2023-02-06 14:07:28.408066',3487,'6a44df0',1,'167f865c-8763-11ed-a031-1c1bb51f4c1c',NULL,NULL,'1\n1\n1\n1\n1\n1\n1\n1\n1\n1\n1\n1\n'),(52622,'2023-02-06 14:07:53.253978','2023-02-06 14:07:53.253978',3487,'a18cf11',1,'167f865c-8763-11ed-a031-1c1bb51f4c1c',NULL,NULL,'456456456'),(52623,'2023-02-06 14:07:58.838213','2023-02-06 14:07:58.838213',3487,'abac254',1,'167f865c-8763-11ed-a031-1c1bb51f4c1c',NULL,NULL,'1\n1\n1\n1\n1\n1\n1\n1\n'),(52624,'2023-02-06 14:08:40.755626','2023-02-06 14:08:40.755626',3487,'06eb9b7',1,'167f865c-8763-11ed-a031-1c1bb51f4c1c',NULL,NULL,'545645'),(52625,'2023-02-06 14:08:49.458096','2023-02-06 14:08:49.458096',3487,'3b601a0',1,'167f865c-8763-11ed-a031-1c1bb51f4c1c',NULL,NULL,'56456'),(52626,'2023-02-06 14:08:53.991321','2023-02-06 14:08:53.991321',3487,'6d0e633',1,'167f865c-8763-11ed-a031-1c1bb51f4c1c',NULL,NULL,'14\n4\n4\n4\n584685\n'),(52627,'2023-02-06 14:31:22.569246','2023-02-06 14:31:22.569246',3483,'sklgjo',1,'167f865c-8763-11ed-a031-1c1bb51f4c1c',NULL,NULL,'gdfgd'),(53390,'2023-02-06 14:40:58.721446','2023-02-06 14:40:58.721446',3481,'9971ba6',1,'167f865c-8763-11ed-a031-1c1bb51f4c1c',NULL,NULL,'לא שמה אותך ולא עליך'),(53391,'2023-02-06 14:41:15.193278','2023-02-06 14:41:15.193278',3481,'c845b9c',1,'167f865c-8763-11ed-a031-1c1bb51f4c1c',NULL,NULL,'אימרי השתתף בשיעור בצורה יוצאת דופן'),(53392,'2023-02-06 14:41:30.426640','2023-02-06 14:41:30.426640',3481,'8b76ea7',1,'167f865c-8763-11ed-a031-1c1bb51f4c1c',NULL,NULL,'אימרי שיתף את'),(53393,'2023-02-06 14:43:04.246831','2023-02-06 14:43:04.246831',3481,'87a419d',1,'167f865c-8763-11ed-a031-1c1bb51f4c1c',NULL,NULL,'אימרי הכין שיעורי בית '),(53394,'2023-02-09 10:05:58.835753','2023-02-09 10:05:58.835753',3473,'4f5ab79',1,'167f865c-8763-11ed-a031-1c1bb51f4c1c',NULL,NULL,'בדיקה       '),(53395,'2023-02-09 10:16:07.908382','2023-02-09 10:16:07.908382',3488,'c0bf9dc',1,'167f865c-8763-11ed-a031-1c1bb51f4c1c',NULL,NULL,'אברהם השתתף בשיעור בצורה יוצאת דופן'),(53396,'2023-02-09 10:27:33.962500','2023-02-09 10:27:33.962500',3489,'749cd93',1,'167f865c-8763-11ed-a031-1c1bb51f4c1c',NULL,NULL,'עדי הכין שיעורי בית '),(53397,'2023-02-09 10:27:45.376261','2023-02-09 10:27:45.376261',3489,'011fcaf',1,'167f865c-8763-11ed-a031-1c1bb51f4c1c',NULL,NULL,'עדי השתתף בשיעור בצורה יוצאת דופן'),(53398,'2023-02-09 10:28:29.971883','2023-02-09 10:28:29.971883',3489,'9942a9d',1,'167f865c-8763-11ed-a031-1c1bb51f4c1c',NULL,NULL,'עדי שאל שאלה יפה היום בשיעור'),(53399,'2023-02-09 10:28:55.465450','2023-02-09 10:28:55.465450',3489,'9d8402d',1,'167f865c-8763-11ed-a031-1c1bb51f4c1c',NULL,NULL,'עדי הכין שיעורי בית'),(53400,'2023-02-09 10:30:23.360762','2023-02-09 10:30:23.360762',3489,'49fe00f',1,'167f865c-8763-11ed-a031-1c1bb51f4c1c',NULL,NULL,'עדי שאל שאלה יפה היום בשיעור'),(53401,'2023-02-09 10:30:37.703918','2023-02-09 10:30:37.703918',3489,'ab32f53',1,'167f865c-8763-11ed-a031-1c1bb51f4c1c',NULL,NULL,'עדי הכין שיעורי בית'),(53402,'2023-02-09 10:31:22.461771','2023-02-09 10:31:22.461771',3481,'51632a4',1,'167f865c-8763-11ed-a031-1c1bb51f4c1c',NULL,NULL,'123'),(53403,'2023-02-09 10:31:29.940116','2023-02-09 10:31:29.940116',3481,'d9e18ec',1,'167f865c-8763-11ed-a031-1c1bb51f4c1c',NULL,NULL,'321'),(53404,'2023-02-09 10:31:48.075685','2023-02-09 10:31:48.075685',3491,'6881b7d',1,'167f865c-8763-11ed-a031-1c1bb51f4c1c',NULL,NULL,'האם מס הנקודות משתנה בזמן אמת?'),(53405,'2023-02-09 10:31:53.922878','2023-02-09 10:31:53.922878',3491,'f8f33e1',1,'167f865c-8763-11ed-a031-1c1bb51f4c1c',NULL,NULL,'אהרון הכין שיעורי בית '),(53406,'2023-02-09 10:33:33.074414','2023-02-09 10:33:33.074414',3491,'4646821',1,'167f865c-8763-11ed-a031-1c1bb51f4c1c',NULL,NULL,'אהרון הכין שיעורי בית '),(53407,'2023-02-09 10:33:38.771454','2023-02-09 10:33:38.771454',3491,'6b27b3c',1,'167f865c-8763-11ed-a031-1c1bb51f4c1c',NULL,NULL,'אהרון השתתף בשיעור בצורה יוצאת דופן'),(53408,'2023-02-09 10:33:46.365880','2023-02-09 10:33:46.365880',3491,'af3d92d',1,'167f865c-8763-11ed-a031-1c1bb51f4c1c',NULL,NULL,'אהרון השתתף בשיעור בצורה יוצאת דופן'),(53409,'2023-02-09 10:33:57.995997','2023-02-09 10:33:57.995997',3491,'53fbfe0',1,'167f865c-8763-11ed-a031-1c1bb51f4c1c',NULL,NULL,'אהרון הכין שיעורי בית '),(53410,'2023-02-09 10:37:04.454147','2023-02-09 10:37:04.454147',3470,'08dd0d0',1,'167f865c-8763-11ed-a031-1c1bb51f4c1c',NULL,NULL,'ליאל השתתף בשיעור בצורה יוצאת דופן'),(53411,'2023-02-09 10:37:15.560151','2023-02-09 10:37:15.560151',3470,'82416db',1,'167f865c-8763-11ed-a031-1c1bb51f4c1c',NULL,NULL,'ליאל השתתף בשיעור בצורה יוצאת דופן'),(53412,'2023-02-09 10:37:49.352842','2023-02-09 10:37:49.352842',3492,'9441126',1,'167f865c-8763-11ed-a031-1c1bb51f4c1c',NULL,NULL,'עדיאל השתתף בשיעור בצורה יוצאת דופן'),(53413,'2023-02-09 10:43:56.051845','2023-02-09 10:43:56.051845',3493,'82a0f72',1,'167f865c-8763-11ed-a031-1c1bb51f4c1c',NULL,NULL,'אריה השתתף בשיעור בצורה יוצאת דופן'),(53414,'2023-02-09 10:57:44.529262','2023-02-09 10:57:44.529262',3473,'dd4f32f',1,'167f865c-8763-11ed-a031-1c1bb51f4c1c',NULL,NULL,'123'),(53415,'2023-02-09 10:59:26.187128','2023-02-09 10:59:26.187128',3474,'c9196c3',1,'167f865c-8763-11ed-a031-1c1bb51f4c1c',NULL,NULL,'טיאגו השתתף בשיעור בצורה יוצאת דופן'),(53416,'2023-02-09 11:08:01.861653','2023-02-09 11:08:01.861653',3473,'451bc4a',1,'167f865c-8763-11ed-a031-1c1bb51f4c1c',NULL,NULL,'321'),(53417,'2023-02-09 11:08:06.725077','2023-02-09 11:08:06.725077',3473,'74873ee',1,'167f865c-8763-11ed-a031-1c1bb51f4c1c',NULL,NULL,'אופק השתתף בשיעור בצורה יוצאת דופן'),(53418,'2023-02-09 11:09:03.893123','2023-02-09 11:09:03.893123',3473,'ce92899',1,'167f865c-8763-11ed-a031-1c1bb51f4c1c',NULL,NULL,'אופק הכין שיעורי בית '),(53419,'2023-02-09 11:17:58.927124','2023-02-09 11:17:58.927124',3472,'72099ac',1,'167f865c-8763-11ed-a031-1c1bb51f4c1c',NULL,NULL,'gdfggfgfdfg'),(53420,'2023-02-09 11:18:22.239427','2023-02-09 11:18:22.239427',3471,'72e8b00',1,'167f865c-8763-11ed-a031-1c1bb51f4c1c',NULL,NULL,'gdgdfgdf'),(53421,'2023-02-09 11:19:29.038370','2023-02-09 11:19:29.038370',3471,'8d239b7',1,'167f865c-8763-11ed-a031-1c1bb51f4c1c',NULL,NULL,'iuihuihuhu'),(53422,'2023-02-09 11:21:37.402059','2023-02-09 11:21:37.402059',3491,'0aee269',1,'167f865c-8763-11ed-a031-1c1bb51f4c1c',NULL,NULL,'אהרון השתתף בשיעור בצורה יוצאת דופן'),(53423,'2023-02-09 11:21:40.185347','2023-02-09 11:21:40.185347',3491,'ad5a881',1,'167f865c-8763-11ed-a031-1c1bb51f4c1c',NULL,NULL,'אהרון הכין שיעורי בית '),(53424,'2023-02-09 11:25:33.687930','2023-02-09 11:25:33.687930',3481,'f35b6b4',1,'167f865c-8763-11ed-a031-1c1bb51f4c1c',NULL,NULL,'אימרי הכין שיעורי בית '),(53425,'2023-02-09 11:26:04.625167','2023-02-09 11:26:04.625167',3481,'62e6824',1,'167f865c-8763-11ed-a031-1c1bb51f4c1c',NULL,NULL,'אימרי הכין שיעורי בית '),(53426,'2023-02-09 11:26:35.598796','2023-02-09 11:26:35.598796',3482,'f29e23e',1,'167f865c-8763-11ed-a031-1c1bb51f4c1c',NULL,NULL,'אושר השתתף בשיעור בצורה יוצאת דופן'),(53427,'2023-02-09 11:26:58.275302','2023-02-09 11:26:58.275302',3483,'dce1fe1',1,'167f865c-8763-11ed-a031-1c1bb51f4c1c',NULL,NULL,'משה הכין שיעורי בית '),(53428,'2023-02-09 11:27:13.945359','2023-02-09 11:27:13.945359',3480,'0e62b50',1,'167f865c-8763-11ed-a031-1c1bb51f4c1c',NULL,NULL,'123'),(53429,'2023-02-09 11:28:18.450502','2023-02-09 11:28:18.450502',3488,'45fcd77',1,'167f865c-8763-11ed-a031-1c1bb51f4c1c',NULL,NULL,'123'),(53430,'2023-02-09 11:28:23.963697','2023-02-09 11:28:23.963697',3488,'c865570',1,'167f865c-8763-11ed-a031-1c1bb51f4c1c',NULL,NULL,'123'),(53431,'2023-02-09 11:28:56.528184','2023-02-09 11:28:56.528184',3488,'9b385ed',1,'167f865c-8763-11ed-a031-1c1bb51f4c1c',NULL,NULL,'321'),(53432,'2023-02-09 11:29:01.309176','2023-02-09 11:29:01.309176',3488,'112181a',1,'167f865c-8763-11ed-a031-1c1bb51f4c1c',NULL,NULL,'123'),(53433,'2023-02-09 11:29:51.418207','2023-02-09 11:29:51.418207',3488,'3b97756',1,'167f865c-8763-11ed-a031-1c1bb51f4c1c',NULL,NULL,'1233'),(53434,'2023-02-09 11:29:55.719340','2023-02-09 11:29:55.719340',3488,'43c3e15',1,'167f865c-8763-11ed-a031-1c1bb51f4c1c',NULL,NULL,'987'),(53435,'2023-02-09 11:33:34.023938','2023-02-09 11:33:34.023938',3474,'22d511f',1,'167f865c-8763-11ed-a031-1c1bb51f4c1c',NULL,NULL,'123'),(53436,'2023-02-09 11:33:47.539726','2023-02-09 11:33:47.539726',3474,'1f0ab1d',1,'167f865c-8763-11ed-a031-1c1bb51f4c1c',NULL,NULL,'1'),(53437,'2023-02-09 11:34:17.231032','2023-02-09 11:34:17.231032',3474,'4e9c733',1,'167f865c-8763-11ed-a031-1c1bb51f4c1c',NULL,NULL,'987'),(53438,'2023-02-09 11:34:39.555680','2023-02-09 11:34:39.555680',3474,'41fce7c',1,'167f865c-8763-11ed-a031-1c1bb51f4c1c',NULL,NULL,'8'),(53439,'2023-02-09 11:35:36.328514','2023-02-09 11:35:36.328514',3474,'e343518',1,'167f865c-8763-11ed-a031-1c1bb51f4c1c',NULL,NULL,'7'),(53440,'2023-02-09 11:36:40.104406','2023-02-09 11:36:40.104406',3474,'4e6322e',1,'167f865c-8763-11ed-a031-1c1bb51f4c1c',NULL,NULL,'6'),(53441,'2023-02-09 11:37:00.551425','2023-02-09 11:37:00.551425',3474,'f70dd27',1,'167f865c-8763-11ed-a031-1c1bb51f4c1c',NULL,NULL,'456'),(53442,'2023-02-09 11:37:22.309835','2023-02-09 11:37:22.309835',3493,'b08ac7f',1,'167f865c-8763-11ed-a031-1c1bb51f4c1c',NULL,NULL,'7'),(53443,'2023-02-09 11:37:55.998145','2023-02-09 11:37:55.998145',3493,'98eb5cc',1,'167f865c-8763-11ed-a031-1c1bb51f4c1c',NULL,NULL,'3'),(53444,'2023-02-09 11:38:49.341926','2023-02-09 11:38:49.341926',3493,'4f94c91',1,'167f865c-8763-11ed-a031-1c1bb51f4c1c',NULL,NULL,'123'),(53445,'2023-02-09 11:39:06.785429','2023-02-09 11:39:06.785429',3493,'07c4478',1,'167f865c-8763-11ed-a031-1c1bb51f4c1c',NULL,NULL,'אריה הכין שיעורי בית '),(53446,'2023-02-09 11:39:37.747721','2023-02-09 11:39:37.747721',3493,'4d50bfa',1,'167f865c-8763-11ed-a031-1c1bb51f4c1c',NULL,NULL,'אריה שיתף את'),(53447,'2023-02-09 11:43:42.710490','2023-02-09 11:43:42.710490',3491,'6868390',1,'167f865c-8763-11ed-a031-1c1bb51f4c1c',NULL,NULL,'123'),(53448,'2023-02-09 11:44:05.077878','2023-02-09 11:44:05.077878',3491,'c49f9f0',1,'167f865c-8763-11ed-a031-1c1bb51f4c1c',NULL,NULL,'אהרון השתתף בשיעור בצורה יוצאת דופן'),(53449,'2023-02-09 11:44:58.475660','2023-02-09 11:44:58.475660',3480,'61a42ef',1,'167f865c-8763-11ed-a031-1c1bb51f4c1c',NULL,NULL,'נהדר'),(53450,'2023-02-09 11:45:12.987660','2023-02-09 11:45:12.987660',3480,'a2c5a37',1,'167f865c-8763-11ed-a031-1c1bb51f4c1c',NULL,NULL,'שיאל השתתף בשיעור בצורה יוצאת דופן'),(53451,'2023-02-09 11:49:26.780823','2023-02-09 11:49:26.780823',3480,'1327294',1,'167f865c-8763-11ed-a031-1c1bb51f4c1c',NULL,NULL,'שיאל השתתף בשיעור בצורה יוצאת דופן'),(53452,'2023-02-09 11:51:57.531627','2023-02-09 11:51:57.531627',3469,'b2bdba0',1,'167f865c-8763-11ed-a031-1c1bb51f4c1c',NULL,NULL,'123'),(53453,'2023-02-09 11:52:12.789679','2023-02-09 11:52:12.789679',3469,'234d6b6',1,'167f865c-8763-11ed-a031-1c1bb51f4c1c',NULL,NULL,'רועי השתתף בשיעור בצורה יוצאת דופן'),(53454,'2023-02-09 12:02:51.924942','2023-02-09 12:02:51.924942',3469,'a9b4db2',1,'167f865c-8763-11ed-a031-1c1bb51f4c1c',NULL,NULL,'רועי השתתף בשיעור בצורה יוצאת דופן'),(53455,'2023-02-09 12:05:15.720439','2023-02-09 12:05:15.720439',3484,'3fd6990',1,'167f865c-8763-11ed-a031-1c1bb51f4c1c',NULL,NULL,'נועם השתתף בשיעור בצורה יוצאת דופן'),(53456,'2023-02-09 12:07:58.668956','2023-02-09 12:07:58.668956',3478,'c7b49da',1,'167f865c-8763-11ed-a031-1c1bb51f4c1c',NULL,NULL,'ליעוז השתתף בשיעור בצורה יוצאת דופן'),(53457,'2023-02-09 12:13:29.203820','2023-02-09 12:13:29.203820',3479,'a3f125d',1,'167f865c-8763-11ed-a031-1c1bb51f4c1c',NULL,NULL,'ליאם השתתף בשיעור בצורה יוצאת דופן'),(53458,'2023-02-09 12:28:15.528428','2023-02-09 12:28:15.528428',3489,'a625589',1,'167f865c-8763-11ed-a031-1c1bb51f4c1c',NULL,NULL,'עדי השתתף בשיעור בצורה יוצאת דופן'),(53459,'2023-02-09 12:29:01.497837','2023-02-09 12:29:01.497837',3492,'89e0fd2',1,'167f865c-8763-11ed-a031-1c1bb51f4c1c',NULL,NULL,'עדיאל הכין שיעורי בית '),(53460,'2023-02-09 12:30:00.382234','2023-02-09 12:30:00.382234',3477,'8f5eb5c',1,'167f865c-8763-11ed-a031-1c1bb51f4c1c',NULL,NULL,'ליאם הכין שיעורי בית '),(53461,'2023-02-09 12:31:46.395388','2023-02-09 12:31:46.395388',3466,'2219bb9',1,'167f865c-8763-11ed-a031-1c1bb51f4c1c',NULL,NULL,'מקסים השתתף בשיעור בצורה יוצאת דופן'),(53462,'2023-02-09 12:33:05.929674','2023-02-09 12:33:05.929674',3480,'40804a1',1,'167f865c-8763-11ed-a031-1c1bb51f4c1c',NULL,NULL,'שיאל הכין שיעורי בית '),(53463,'2023-02-09 12:33:34.212917','2023-02-09 12:33:34.212917',3469,'c741db4',1,'167f865c-8763-11ed-a031-1c1bb51f4c1c',NULL,NULL,'987'),(53464,'2023-02-09 12:33:54.628542','2023-02-09 12:33:54.628542',3476,'28f64d7',1,'167f865c-8763-11ed-a031-1c1bb51f4c1c',NULL,NULL,'987'),(53465,'2023-02-09 12:34:18.349908','2023-02-09 12:34:18.349908',3486,'8e745cf',1,'167f865c-8763-11ed-a031-1c1bb51f4c1c',NULL,NULL,'עומר הכין שיעורי בית!!!'),(53466,'2023-02-09 12:35:56.837602','2023-02-09 12:35:56.837602',3485,'ab90392',1,'167f865c-8763-11ed-a031-1c1bb51f4c1c',NULL,NULL,'כל הכבוד לאופיר'),(53467,'2023-02-09 12:36:37.896314','2023-02-09 12:36:37.896314',3485,'b493ff9',1,'167f865c-8763-11ed-a031-1c1bb51f4c1c',NULL,NULL,'אופיר הכין שיעורי בית '),(53468,'2023-02-09 12:37:00.012924','2023-02-09 12:37:00.012924',3485,'2ddc76f',1,'167f865c-8763-11ed-a031-1c1bb51f4c1c',NULL,NULL,'אופיר השתתף בשיעור בצורה יוצאת דופן'),(53469,'2023-02-09 12:37:26.226615','2023-02-09 12:37:26.226615',3485,'ad019eb',1,'167f865c-8763-11ed-a031-1c1bb51f4c1c',NULL,NULL,'אופיר הכין שיעורי בית '),(53470,'2023-02-09 12:37:49.509308','2023-02-09 12:37:49.509308',3477,'eac6141',1,'167f865c-8763-11ed-a031-1c1bb51f4c1c',NULL,NULL,'ליאם השתתף בשיעור בצורה יוצאת דופן'),(53471,'2023-02-09 12:47:51.219431','2023-02-09 12:47:51.219431',3479,'7d3646c',1,'167f865c-8763-11ed-a031-1c1bb51f4c1c',NULL,NULL,'987'),(53472,'2023-02-09 12:48:10.991009','2023-02-09 12:48:10.991009',3479,'fe4f714',1,'167f865c-8763-11ed-a031-1c1bb51f4c1c',NULL,NULL,'ליאם הכין שיעורי בית '),(53473,'2023-02-09 12:48:40.704586','2023-02-09 12:48:40.704586',3466,'477bae5',1,'167f865c-8763-11ed-a031-1c1bb51f4c1c',NULL,NULL,'מקסים הכין שיעורי בית '),(53474,'2023-02-09 12:49:17.639091','2023-02-09 12:49:17.639091',3466,'3a2082d',1,'167f865c-8763-11ed-a031-1c1bb51f4c1c',NULL,NULL,'מקסים השתתף בשיעור בצורה יוצאת דופן'),(53475,'2023-02-09 12:50:41.060069','2023-02-09 12:50:41.060069',3483,'ad24e58',1,'167f865c-8763-11ed-a031-1c1bb51f4c1c',NULL,NULL,'משה השתתף בשיעור בצורה יוצאת דופן'),(53476,'2023-02-09 12:51:11.115256','2023-02-09 12:51:11.115256',3482,'d321af6',1,'167f865c-8763-11ed-a031-1c1bb51f4c1c',NULL,NULL,'אושר השתתף בשיעור בצורה יוצאת דופן'),(53477,'2023-02-09 12:57:44.878517','2023-02-09 12:57:44.878517',3468,'6934967',1,'167f865c-8763-11ed-a031-1c1bb51f4c1c',NULL,NULL,'הדר הכין שיעורי בית '),(53478,'2023-02-09 12:57:55.765477','2023-02-09 12:57:55.765477',3492,'0e3dac0',1,'167f865c-8763-11ed-a031-1c1bb51f4c1c',NULL,NULL,'עדיאל השתתף בשיעור בצורה יוצאת דופן'),(53479,'2023-02-09 12:58:25.926737','2023-02-09 12:58:25.926737',3478,'430b73d',1,'167f865c-8763-11ed-a031-1c1bb51f4c1c',NULL,NULL,'ליעוז הכין שיעורי בית '),(53480,'2023-02-09 12:58:43.458853','2023-02-09 12:58:43.458853',3486,'46deae4',1,'167f865c-8763-11ed-a031-1c1bb51f4c1c',NULL,NULL,'123'),(53481,'2023-02-09 12:58:52.072696','2023-02-09 12:58:52.072696',3486,'d915b8d',1,'167f865c-8763-11ed-a031-1c1bb51f4c1c',NULL,NULL,'עומר השתתף בשיעור בצורה יוצאת דופן'),(53482,'2023-02-09 12:59:28.896411','2023-02-09 12:59:28.896411',3475,'7d298c1',1,'167f865c-8763-11ed-a031-1c1bb51f4c1c',NULL,NULL,'כל הכבוד!'),(53483,'2023-02-09 12:59:39.781400','2023-02-09 12:59:39.781400',3475,'69f2514',1,'167f865c-8763-11ed-a031-1c1bb51f4c1c',NULL,NULL,'שי ענה תשובה יפה בשיעור'),(53484,'2023-02-09 12:59:54.362374','2023-02-09 12:59:54.362374',3475,'3d48030',1,'167f865c-8763-11ed-a031-1c1bb51f4c1c',NULL,NULL,'שי התגבר היום על קושי '),(53485,'2023-02-09 13:00:35.835172','2023-02-09 13:00:35.835172',3475,'1774e6c',1,'167f865c-8763-11ed-a031-1c1bb51f4c1c',NULL,NULL,'שי הגיש עזרה לחבר בהפסקה'),(53486,'2023-02-09 13:00:57.303569','2023-02-09 13:00:57.303569',3477,'d59aad9',1,'167f865c-8763-11ed-a031-1c1bb51f4c1c',NULL,NULL,'ליאם הכין שיעורי בית'),(53487,'2023-02-09 13:01:52.257923','2023-02-09 13:01:52.257923',3477,'1b7c5b8',1,'167f865c-8763-11ed-a031-1c1bb51f4c1c',NULL,NULL,'ליאם השתתף בשיעור בצורה יוצאת דופן'),(53488,'2023-02-09 13:02:06.886707','2023-02-09 13:02:06.886707',3477,'d82e6d4',1,'167f865c-8763-11ed-a031-1c1bb51f4c1c',NULL,NULL,'ליאם הכין שיעורי בית'),(53489,'2023-02-09 13:03:39.615542','2023-02-09 13:03:39.615542',3468,'0522664',1,'167f865c-8763-11ed-a031-1c1bb51f4c1c',NULL,NULL,'הדר השתתף בשיעור בצורה יוצאת דופן'),(53490,'2023-02-09 13:04:21.638103','2023-02-09 13:04:21.638103',3468,'f73f788',1,'167f865c-8763-11ed-a031-1c1bb51f4c1c',NULL,NULL,'הדר הכין שיעורי בית '),(53491,'2023-02-09 13:04:43.320706','2023-02-09 13:04:43.320706',3468,'ed6a9d5',1,'167f865c-8763-11ed-a031-1c1bb51f4c1c',NULL,NULL,'הדר השתתף בשיעור בצורה יוצאת דופן'),(53492,'2023-02-09 13:05:02.468749','2023-02-09 13:05:02.468749',3476,'7b92847',1,'167f865c-8763-11ed-a031-1c1bb51f4c1c',NULL,NULL,'מלאכי הכין שיעורי בית '),(53493,'2023-02-09 13:05:26.495432','2023-02-09 13:05:26.495432',3478,'726c5a5',1,'167f865c-8763-11ed-a031-1c1bb51f4c1c',NULL,NULL,'ליעוז השתתף בשיעור בצורה יוצאת דופן'),(53494,'2023-02-09 13:11:47.993819','2023-02-09 13:11:47.993819',3470,'0c32a6b',1,'167f865c-8763-11ed-a031-1c1bb51f4c1c',NULL,NULL,'ליאל הכין שיעורי בית '),(53495,'2023-02-09 13:11:58.617545','2023-02-09 13:11:58.617545',3470,'67bbabf',1,'167f865c-8763-11ed-a031-1c1bb51f4c1c',NULL,NULL,'ליאל השתתף בשיעור בצורה יוצאת דופן'),(53496,'2023-02-09 13:12:23.978894','2023-02-09 13:12:23.978894',3492,'06f2348',1,'167f865c-8763-11ed-a031-1c1bb51f4c1c',NULL,NULL,'עדיאל השתתף בשיעור בצורה יוצאת דופן'),(53497,'2023-02-09 13:12:32.962072','2023-02-09 13:12:32.962072',3492,'ac8c1ca',1,'167f865c-8763-11ed-a031-1c1bb51f4c1c',NULL,NULL,'123'),(53498,'2023-02-09 13:12:43.033738','2023-02-09 13:12:43.033738',3492,'cd037d7',1,'167f865c-8763-11ed-a031-1c1bb51f4c1c',NULL,NULL,'עדיאל הכין שיעורי בית '),(53499,'2023-02-09 14:35:27.394619','2023-02-09 14:35:27.394619',3482,'caca06c',1,'167f865c-8763-11ed-a031-1c1bb51f4c1c',NULL,NULL,'123'),(53500,'2023-02-09 14:35:39.863847','2023-02-09 14:35:39.863847',3483,'3030cff',1,'167f865c-8763-11ed-a031-1c1bb51f4c1c',NULL,NULL,'משה הכין שיעורי בית '),(53501,'2023-02-09 14:36:21.618549','2023-02-09 14:36:21.618549',3471,'dce501d',1,'167f865c-8763-11ed-a031-1c1bb51f4c1c',NULL,NULL,'יעקב הכין שיעורי בית '),(53502,'2023-02-09 14:36:45.864052','2023-02-09 14:36:45.864052',3478,'3828eba',1,'167f865c-8763-11ed-a031-1c1bb51f4c1c',NULL,NULL,'ליעוז הכין שיעורי בית '),(53503,'2023-02-09 14:38:11.695270','2023-02-09 14:38:11.695270',3479,'33d3dd6',1,'167f865c-8763-11ed-a031-1c1bb51f4c1c',NULL,NULL,'ליאם השתתף בשיעור בצורה יוצאת דופן'),(53504,'2023-02-09 14:38:30.106627','2023-02-09 14:38:30.106627',3484,'d087282',1,'167f865c-8763-11ed-a031-1c1bb51f4c1c',NULL,NULL,'נועם השתתף בשיעור בצורה יוצאת דופן'),(53505,'2023-02-09 14:39:00.473776','2023-02-09 14:39:00.473776',3472,'75cba09',1,'167f865c-8763-11ed-a031-1c1bb51f4c1c',NULL,NULL,'יהודה הכין שיעורי בית '),(53506,'2023-02-09 14:39:14.544271','2023-02-09 14:39:14.544271',3484,'26d61e3',1,'167f865c-8763-11ed-a031-1c1bb51f4c1c',NULL,NULL,'נועם הכין שיעורי בית '),(53507,'2023-02-09 14:42:07.251456','2023-02-09 14:42:07.251456',3484,'e3aa638',1,'167f865c-8763-11ed-a031-1c1bb51f4c1c',NULL,NULL,'נועם השתתף בשיעור בצורה יוצאת דופן'),(53508,'2023-02-09 14:42:49.026893','2023-02-09 14:42:49.026893',3484,'2246c74',1,'167f865c-8763-11ed-a031-1c1bb51f4c1c',NULL,NULL,'נועם השתתף בשיעור בצורה יוצאת דופן'),(53509,'2023-02-09 14:44:43.488852','2023-02-09 14:44:43.488852',3484,'d0815dd',1,'167f865c-8763-11ed-a031-1c1bb51f4c1c',NULL,NULL,'נועם השתתף בשיעור בצורה יוצאת דופן'),(53510,'2023-02-09 14:44:59.544632','2023-02-09 14:44:59.544632',3483,'d599102',1,'167f865c-8763-11ed-a031-1c1bb51f4c1c',NULL,NULL,'משה שאל שאלה יפה היום בשיעור'),(53511,'2023-02-09 14:45:13.195743','2023-02-09 14:45:13.195743',3486,'32bee03',1,'167f865c-8763-11ed-a031-1c1bb51f4c1c',NULL,NULL,'עומר הכין שיעורי בית '),(53512,'2023-02-09 14:46:26.716155','2023-02-09 14:46:26.716155',3472,'e546f5b',1,'167f865c-8763-11ed-a031-1c1bb51f4c1c',NULL,NULL,'יהודה הכין שיעורי בית '),(53513,'2023-02-09 14:46:46.540393','2023-02-09 14:46:46.540393',3472,'c112616',1,'167f865c-8763-11ed-a031-1c1bb51f4c1c',NULL,NULL,'יהודה השתתף בשיעור בצורה יוצאת דופן'),(53514,'2023-02-09 14:47:02.153418','2023-02-09 14:47:02.153418',3472,'696aaf8',1,'167f865c-8763-11ed-a031-1c1bb51f4c1c',NULL,NULL,'יהודה הכין שיעורי בית '),(53515,'2023-02-09 14:47:26.645921','2023-02-09 14:47:26.645921',3472,'74c9498',1,'167f865c-8763-11ed-a031-1c1bb51f4c1c',NULL,NULL,'יהודה השתתף בשיעור בצורה יוצאת דופן'),(53516,'2023-02-09 14:47:38.323768','2023-02-09 14:47:38.323768',3482,'21f6455',1,'167f865c-8763-11ed-a031-1c1bb51f4c1c',NULL,NULL,'אושר הכין שיעורי בית '),(53517,'2023-02-09 14:47:50.124082','2023-02-09 14:47:50.124082',3470,'caaae55',1,'167f865c-8763-11ed-a031-1c1bb51f4c1c',NULL,NULL,'ליאל הכין שיעורי בית '),(53518,'2023-02-09 14:49:10.909629','2023-02-09 14:49:10.909629',3466,'26a6382',1,'167f865c-8763-11ed-a031-1c1bb51f4c1c',NULL,NULL,'מקסים הכין שיעורי בית '),(53519,'2023-02-09 14:49:52.258100','2023-02-09 14:49:52.258100',3494,'e5bdb32',1,'167f865c-8763-11ed-a031-1c1bb51f4c1c',NULL,NULL,'לביא השתתף בשיעור בצורה יוצאת דופן'),(53520,'2023-02-09 14:52:19.384939','2023-02-09 14:52:19.384939',3494,'9ab8116',1,'167f865c-8763-11ed-a031-1c1bb51f4c1c',NULL,NULL,'123'),(53521,'2023-02-09 14:52:35.776052','2023-02-09 14:52:35.776052',3494,'56ee8b9',1,'167f865c-8763-11ed-a031-1c1bb51f4c1c',NULL,NULL,'לביא השתתף בשיעור בצורה יוצאת דופן'),(53522,'2023-02-09 14:54:05.530656','2023-02-09 14:54:05.530656',3476,'dc9b45e',1,'167f865c-8763-11ed-a031-1c1bb51f4c1c',NULL,NULL,'מלאכי השתתף בשיעור בצורה יוצאת דופן'),(53523,'2023-02-09 14:54:10.423182','2023-02-09 14:54:10.423182',3476,'ac3847b',1,'167f865c-8763-11ed-a031-1c1bb51f4c1c',NULL,NULL,'מלאכי הכין שיעורי בית '),(53524,'2023-02-09 14:54:50.426243','2023-02-09 14:54:50.426243',3478,'d221656',1,'167f865c-8763-11ed-a031-1c1bb51f4c1c',NULL,NULL,'ליעוז הכין שיעורי בית '),(53525,'2023-02-09 14:55:39.114984','2023-02-09 14:55:39.114984',3478,'76223aa',1,'167f865c-8763-11ed-a031-1c1bb51f4c1c',NULL,NULL,'ליעוז שיתף את'),(53526,'2023-02-09 14:56:34.158490','2023-02-09 14:56:34.158490',3471,'268720f',1,'167f865c-8763-11ed-a031-1c1bb51f4c1c',NULL,NULL,'יעקב השתתף בשיעור בצורה יוצאת דופן'),(53527,'2023-02-09 14:57:07.678657','2023-02-09 14:57:07.678657',3485,'21e2575',1,'167f865c-8763-11ed-a031-1c1bb51f4c1c',NULL,NULL,'אופיר שיתף את'),(53528,'2023-02-09 14:57:38.500212','2023-02-09 14:57:38.500212',3479,'fc07823',1,'167f865c-8763-11ed-a031-1c1bb51f4c1c',NULL,NULL,'ליאם שיתף את'),(53529,'2023-02-09 14:58:02.888158','2023-02-09 14:58:02.888158',3494,'84cd1d4',1,'167f865c-8763-11ed-a031-1c1bb51f4c1c',NULL,NULL,'לביא השתתף בשיעור בצורה יוצאת דופן'),(53530,'2023-02-09 14:58:18.822971','2023-02-09 14:58:18.822971',3483,'72bc1c8',1,'167f865c-8763-11ed-a031-1c1bb51f4c1c',NULL,NULL,'משה השתתף בשיעור בצורה יוצאת דופן'),(53531,'2023-02-09 14:59:42.488577','2023-02-09 14:59:42.488577',3482,'fe987fa',1,'167f865c-8763-11ed-a031-1c1bb51f4c1c',NULL,NULL,'אושר הכין שיעורי בית '),(53532,'2023-02-09 15:01:41.188968','2023-02-09 15:01:41.188968',3482,'a918a38',1,'167f865c-8763-11ed-a031-1c1bb51f4c1c',NULL,NULL,'אושר השתתף בשיעור בצורה יוצאת דופן'),(53533,'2023-02-09 15:02:13.149807','2023-02-09 15:02:13.149807',3482,'c645de7',1,'167f865c-8763-11ed-a031-1c1bb51f4c1c',NULL,NULL,'אושר הכין שיעורי בית '),(53534,'2023-02-09 15:05:39.864612','2023-02-09 15:05:39.864612',3486,'a445b91',1,'167f865c-8763-11ed-a031-1c1bb51f4c1c',NULL,NULL,'עומר הכין שיעורי בית '),(53535,'2023-02-09 15:06:19.649418','2023-02-09 15:06:19.649418',3494,'159ac5b',1,'167f865c-8763-11ed-a031-1c1bb51f4c1c',NULL,NULL,'לביא השתתף בשיעור בצורה יוצאת דופן'),(53536,'2023-02-09 15:07:03.909958','2023-02-09 15:07:03.909958',3494,'360c5d0',1,'167f865c-8763-11ed-a031-1c1bb51f4c1c',NULL,NULL,'לביא הכין שיעורי בית '),(53537,'2023-02-09 15:13:20.227238','2023-02-09 15:13:20.227238',3486,'ff6285e',1,'167f865c-8763-11ed-a031-1c1bb51f4c1c',NULL,NULL,'עומר שיתף את'),(53538,'2023-02-09 15:20:14.471711','2023-02-09 15:20:14.471711',3486,'ee15278',1,'167f865c-8763-11ed-a031-1c1bb51f4c1c',NULL,NULL,'123'),(53539,'2023-02-09 15:20:27.544512','2023-02-09 15:20:27.544512',3466,'761cd6f',1,'167f865c-8763-11ed-a031-1c1bb51f4c1c',NULL,NULL,'123'),(53540,'2023-02-09 15:20:36.407282','2023-02-09 15:20:36.407282',3466,'7c64adb',1,'167f865c-8763-11ed-a031-1c1bb51f4c1c',NULL,NULL,'123'),(53541,'2023-02-09 15:20:45.903322','2023-02-09 15:20:45.903322',3466,'7278ba3',1,'167f865c-8763-11ed-a031-1c1bb51f4c1c',NULL,NULL,'987'),(53542,'2023-02-09 15:21:31.498296','2023-02-09 15:21:31.498296',3466,'3e479d3',1,'167f865c-8763-11ed-a031-1c1bb51f4c1c',NULL,NULL,'61456514'),(53543,'2023-02-09 15:23:53.892673','2023-02-09 15:23:53.892673',3468,'5116559',1,'167f865c-8763-11ed-a031-1c1bb51f4c1c',NULL,NULL,'הדר הכין שיעורי בית '),(53544,'2023-02-09 15:23:58.152502','2023-02-09 15:23:58.152502',3468,'8477485',1,'167f865c-8763-11ed-a031-1c1bb51f4c1c',NULL,NULL,'הדר השתתף בשיעור בצורה יוצאת דופן'),(53545,'2023-02-09 15:24:06.857834','2023-02-09 15:24:06.857834',3468,'368d687',1,'167f865c-8763-11ed-a031-1c1bb51f4c1c',NULL,NULL,'הדר הכין שיעורי בית '),(53546,'2023-02-09 15:24:26.638169','2023-02-09 15:24:26.638169',3469,'4e09139',1,'167f865c-8763-11ed-a031-1c1bb51f4c1c',NULL,NULL,'123'),(53547,'2023-02-09 15:24:39.132481','2023-02-09 15:24:39.132481',3480,'4d7ba4d',1,'167f865c-8763-11ed-a031-1c1bb51f4c1c',NULL,NULL,'שיאל השתתף בשיעור בצורה יוצאת דופן'),(53548,'2023-02-09 15:24:48.443831','2023-02-09 15:24:48.443831',3477,'32abd82',1,'167f865c-8763-11ed-a031-1c1bb51f4c1c',NULL,NULL,'ליאם הכין שיעורי בית '),(53549,'2023-02-09 15:25:04.317408','2023-02-09 15:25:04.317408',3479,'b424f0b',1,'167f865c-8763-11ed-a031-1c1bb51f4c1c',NULL,NULL,'ליאם הכין שיעורי בית '),(53550,'2023-02-09 15:25:40.471991','2023-02-09 15:25:40.471991',3471,'6daf152',1,'167f865c-8763-11ed-a031-1c1bb51f4c1c',NULL,NULL,'יעקב הכין שיעורי בית '),(53551,'2023-02-09 15:40:18.810740','2023-02-09 15:40:18.810740',3485,'bd2b385',1,'167f865c-8763-11ed-a031-1c1bb51f4c1c',NULL,NULL,'123'),(53552,'2023-02-09 15:40:28.224822','2023-02-09 15:40:28.224822',3485,'15e6abe',1,'167f865c-8763-11ed-a031-1c1bb51f4c1c',NULL,NULL,'אופיר הכין שיעורי בית '),(53553,'2023-02-09 15:52:27.199879','2023-02-09 15:52:27.199879',3470,'cf0a0c0',1,'167f865c-8763-11ed-a031-1c1bb51f4c1c',NULL,NULL,'ליאל התגבר היום על קושי '),(53554,'2023-02-09 15:53:02.979550','2023-02-09 15:53:02.979550',3492,'e476c2f',1,'167f865c-8763-11ed-a031-1c1bb51f4c1c',NULL,NULL,'עדיאל השתתף בשיעור בצורה יוצאת דופן'),(53555,'2023-02-09 15:54:55.663481','2023-02-09 15:54:55.663481',3493,'fe289c3',1,'167f865c-8763-11ed-a031-1c1bb51f4c1c',NULL,NULL,'אריה השתתף בשיעור בצורה יוצאת דופן'),(53556,'2023-02-09 16:02:46.934500','2023-02-09 16:02:46.934500',3483,'55b0bdb',1,'167f865c-8763-11ed-a031-1c1bb51f4c1c',NULL,NULL,'123'),(53557,'2023-02-09 16:02:57.737221','2023-02-09 16:02:57.737221',3494,'0cd4af7',1,'167f865c-8763-11ed-a031-1c1bb51f4c1c',NULL,NULL,'לביא השתתף בשיעור בצורה יוצאת דופן'),(53558,'2023-02-09 16:03:09.712912','2023-02-09 16:03:09.712912',3475,'62aead7',1,'167f865c-8763-11ed-a031-1c1bb51f4c1c',NULL,NULL,'שי השתתף בשיעור בצורה יוצאת דופן'),(53559,'2023-02-09 16:04:17.812143','2023-02-09 16:04:17.812143',3494,'fcb5335',1,'167f865c-8763-11ed-a031-1c1bb51f4c1c',NULL,NULL,'בדיקה'),(53560,'2023-02-09 16:04:28.358095','2023-02-09 16:04:28.358095',3494,'dae9369',1,'167f865c-8763-11ed-a031-1c1bb51f4c1c',NULL,NULL,'לביא השתתף בשיעור בצורה יוצאת דופן'),(53561,'2023-02-09 16:04:41.261691','2023-02-09 16:04:41.261691',3470,'323777d',1,'167f865c-8763-11ed-a031-1c1bb51f4c1c',NULL,NULL,'ליאל הכין שיעורי בית '),(53562,'2023-02-09 16:30:40.860880','2023-02-09 16:30:40.860880',3471,'7866cd8',1,'167f865c-8763-11ed-a031-1c1bb51f4c1c',NULL,NULL,'123'),(53563,'2023-02-09 16:30:47.317411','2023-02-09 16:30:47.317411',3478,'faff035',1,'167f865c-8763-11ed-a031-1c1bb51f4c1c',NULL,NULL,'ליעוז השתתף בשיעור בצורה יוצאת דופן'),(53564,'2023-02-09 16:31:03.887839','2023-02-09 16:31:03.887839',3476,'dfa9958',1,'167f865c-8763-11ed-a031-1c1bb51f4c1c',NULL,NULL,'מלאכי הכין שיעורי בית '),(53565,'2023-02-09 17:24:52.870662','2023-02-09 17:24:52.870662',3469,'ba0d077',1,'167f865c-8763-11ed-a031-1c1bb51f4c1c',NULL,NULL,'חכחגגחחגח'),(53566,'2023-02-09 17:25:14.625235','2023-02-09 17:25:14.625235',3477,'3316472',1,'167f865c-8763-11ed-a031-1c1bb51f4c1c',NULL,NULL,'ליאם השתתף בשיעור בצורה יוצאת דופן'),(53567,'2023-02-09 17:56:52.962776','2023-02-09 17:56:52.962776',3480,'352a86b',1,'167f865c-8763-11ed-a031-1c1bb51f4c1c',NULL,NULL,'שיאל הכין שיעורי בית '),(53568,'2023-02-09 17:57:00.303361','2023-02-09 17:57:00.303361',3483,'1331e3a',1,'167f865c-8763-11ed-a031-1c1bb51f4c1c',NULL,NULL,'משה השתתף בשיעור בצורה יוצאת דופן'),(53569,'2023-02-12 09:50:58.817325','2023-02-12 09:50:58.817325',3479,'82fefdf',1,'167f865c-8763-11ed-a031-1c1bb51f4c1c',NULL,NULL,'ליאם השתתף בשיעור בצורה יוצאת דופן'),(53570,'2023-02-12 09:55:22.867378','2023-02-12 09:55:22.867378',3484,'9c7ea01',1,'167f865c-8763-11ed-a031-1c1bb51f4c1c',NULL,NULL,'נועם השתתף בשיעור בצורה יוצאת דופן'),(53571,'2023-02-12 09:55:33.402747','2023-02-12 09:55:33.402747',3484,'ad447e4',1,'167f865c-8763-11ed-a031-1c1bb51f4c1c',NULL,NULL,'htfhrhrthhr'),(53572,'2023-02-12 09:55:55.154259','2023-02-12 09:55:55.154259',3492,'76d6351',1,'167f865c-8763-11ed-a031-1c1bb51f4c1c',NULL,NULL,'עדיאל השתתף בשיעור בצורה יוצאת דופן'),(53573,'2023-02-12 09:56:04.619688','2023-02-12 09:56:04.619688',3492,'f8335a2',1,'167f865c-8763-11ed-a031-1c1bb51f4c1c',NULL,NULL,'123'),(53574,'2023-02-12 10:04:59.165210','2023-02-12 10:04:59.165210',3492,'9c9ec9c',1,'167f865c-8763-11ed-a031-1c1bb51f4c1c',NULL,NULL,'123'),(53575,'2023-02-12 10:05:09.545464','2023-02-12 10:05:09.545464',3488,'26f5a59',1,'167f865c-8763-11ed-a031-1c1bb51f4c1c',NULL,NULL,'132'),(53576,'2023-02-12 10:05:35.559903','2023-02-12 10:05:35.559903',3489,'5863c40',1,'167f865c-8763-11ed-a031-1c1bb51f4c1c',NULL,NULL,'123'),(53577,'2023-02-12 10:05:47.018991','2023-02-12 10:05:47.018991',3469,'ab42976',1,'167f865c-8763-11ed-a031-1c1bb51f4c1c',NULL,NULL,'רועי השתתף בשיעור בצורה יוצאת דופן'),(53578,'2023-02-12 10:05:54.413329','2023-02-12 10:05:54.413329',3469,'388515a',1,'167f865c-8763-11ed-a031-1c1bb51f4c1c',NULL,NULL,'123'),(53579,'2023-02-12 10:06:11.012637','2023-02-12 10:06:11.012637',3493,'da9be81',1,'167f865c-8763-11ed-a031-1c1bb51f4c1c',NULL,NULL,'אריה השתתף בשיעור בצורה יוצאת דופן'),(53580,'2023-02-12 10:06:18.866529','2023-02-12 10:06:18.866529',3493,'455057f',1,'167f865c-8763-11ed-a031-1c1bb51f4c1c',NULL,NULL,'123'),(53581,'2023-02-12 10:06:35.506451','2023-02-12 10:06:35.506451',3475,'a19d011',1,'167f865c-8763-11ed-a031-1c1bb51f4c1c',NULL,NULL,'שי הכין שיעורי בית'),(53582,'2023-02-12 10:06:49.435389','2023-02-12 10:06:49.435389',3471,'d9fc8b8',1,'167f865c-8763-11ed-a031-1c1bb51f4c1c',NULL,NULL,'יעקב הכין שיעורי בית'),(53583,'2023-02-12 10:07:00.694922','2023-02-12 10:07:00.694922',3471,'3605328',1,'167f865c-8763-11ed-a031-1c1bb51f4c1c',NULL,NULL,'123'),(53584,'2023-02-12 10:26:17.035556','2023-02-12 10:26:17.035556',3470,'80e7edb',1,'167f865c-8763-11ed-a031-1c1bb51f4c1c',NULL,NULL,'ליאל שאל שאלה יפה היום בשיעור'),(53585,'2023-02-12 10:26:21.738882','2023-02-12 10:26:21.738882',3470,'ace6f04',1,'167f865c-8763-11ed-a031-1c1bb51f4c1c',NULL,NULL,'ליאל ענה תשובה יפה בשיעור'),(53586,'2023-02-12 10:26:31.275405','2023-02-12 10:26:31.275405',3470,'49c224a',1,'167f865c-8763-11ed-a031-1c1bb51f4c1c',NULL,NULL,'ליאל שאל שאלה יפה היום בשיעור'),(53587,'2023-02-12 10:26:50.892444','2023-02-12 10:26:50.892444',3470,'a443c14',1,'167f865c-8763-11ed-a031-1c1bb51f4c1c',NULL,NULL,'ליאל העביר לנו היום שיעור מרתק בנושא'),(53588,'2023-02-12 10:27:03.457928','2023-02-12 10:27:03.457928',3470,'853c6c4',1,'167f865c-8763-11ed-a031-1c1bb51f4c1c',NULL,NULL,'987'),(53589,'2023-02-12 10:28:19.729332','2023-02-12 10:28:19.729332',3472,'0619b7f',1,'167f865c-8763-11ed-a031-1c1bb51f4c1c',NULL,NULL,'cshev'),(53590,'2023-02-12 10:31:00.802239','2023-02-12 10:31:00.802239',3472,'94f0084',1,'167f865c-8763-11ed-a031-1c1bb51f4c1c',NULL,NULL,'987654321654987'),(53591,'2023-02-12 10:31:08.211806','2023-02-12 10:31:08.211806',3472,'dc28328',1,'167f865c-8763-11ed-a031-1c1bb51f4c1c',NULL,NULL,'987'),(53592,'2023-02-12 10:33:16.563902','2023-02-12 10:33:16.563902',3472,'45b97d1',1,'167f865c-8763-11ed-a031-1c1bb51f4c1c',NULL,NULL,'123'),(53593,'2023-02-12 10:34:36.196583','2023-02-12 10:34:36.196583',3472,'014a845',1,'167f865c-8763-11ed-a031-1c1bb51f4c1c',NULL,NULL,'987'),(53594,'2023-02-12 10:34:53.222612','2023-02-12 10:34:53.222612',3472,'0c53edf',1,'167f865c-8763-11ed-a031-1c1bb51f4c1c',NULL,NULL,'875'),(53595,'2023-02-12 10:35:50.267043','2023-02-12 10:35:50.267043',3472,'e52cb81',1,'167f865c-8763-11ed-a031-1c1bb51f4c1c',NULL,NULL,'123'),(53596,'2023-02-12 10:36:01.635566','2023-02-12 10:36:01.635566',3472,'454e290',1,'167f865c-8763-11ed-a031-1c1bb51f4c1c',NULL,NULL,'987'),(53597,'2023-02-12 10:37:40.585065','2023-02-12 10:37:40.585065',3472,'6e4d65e',1,'167f865c-8763-11ed-a031-1c1bb51f4c1c',NULL,NULL,'123'),(53598,'2023-02-12 10:37:55.453673','2023-02-12 10:37:55.453673',3472,'7045d1c',1,'167f865c-8763-11ed-a031-1c1bb51f4c1c',NULL,NULL,'יהודה הכין שיעורי בית'),(53599,'2023-02-12 10:38:21.201842','2023-02-12 10:38:21.201842',3472,'5f6c04d',1,'167f865c-8763-11ed-a031-1c1bb51f4c1c',NULL,NULL,'יהודה השתתף בשיעור בצורה יוצאת דופן'),(53600,'2023-02-12 10:39:31.375464','2023-02-12 10:39:31.375464',3472,'62c8d03',1,'167f865c-8763-11ed-a031-1c1bb51f4c1c',NULL,NULL,'123'),(53601,'2023-02-12 10:41:30.389745','2023-02-12 10:41:30.389745',3472,'e7237da',1,'167f865c-8763-11ed-a031-1c1bb51f4c1c',NULL,NULL,'123'),(53602,'2023-02-12 10:42:11.596018','2023-02-12 10:42:11.596018',3472,'08cbff4',1,'167f865c-8763-11ed-a031-1c1bb51f4c1c',NULL,NULL,'123'),(53603,'2023-02-12 10:43:04.353824','2023-02-12 10:43:04.353824',3472,'eab74f4',1,'167f865c-8763-11ed-a031-1c1bb51f4c1c',NULL,NULL,'יהודה הכין שיעורי בית'),(53604,'2023-02-12 10:43:15.752968','2023-02-12 10:43:15.752968',3472,'20821ab',1,'167f865c-8763-11ed-a031-1c1bb51f4c1c',NULL,NULL,'יהודה גילה בגרות'),(53605,'2023-02-12 10:45:10.461508','2023-02-12 10:45:10.461508',3472,'7d5ff66',1,'167f865c-8763-11ed-a031-1c1bb51f4c1c',NULL,NULL,'יהודה הכין שיעורי בית'),(53606,'2023-02-12 10:47:06.884090','2023-02-12 10:47:06.884090',3472,'57f3586',1,'167f865c-8763-11ed-a031-1c1bb51f4c1c',NULL,NULL,'יהודה השתתף בשיעור בצורה יוצאת דופן'),(53607,'2023-02-12 10:47:26.266380','2023-02-12 10:47:26.266380',3472,'d6a64b6',1,'167f865c-8763-11ed-a031-1c1bb51f4c1c',NULL,NULL,'יהודה שיתף את'),(53608,'2023-02-12 10:47:56.536947','2023-02-12 10:47:56.536947',3472,'a561168',1,'167f865c-8763-11ed-a031-1c1bb51f4c1c',NULL,NULL,'יהודה שאל שאלה יפה היום בשיעור'),(53609,'2023-02-12 10:48:02.707937','2023-02-12 10:48:02.707937',3472,'2e768e4',1,'167f865c-8763-11ed-a031-1c1bb51f4c1c',NULL,NULL,'יהודה הכין שיעורי בית'),(53610,'2023-02-12 10:48:06.773514','2023-02-12 10:48:06.773514',3472,'5e5bec8',1,'167f865c-8763-11ed-a031-1c1bb51f4c1c',NULL,NULL,'יהודה הכין שיעורי בית'),(53611,'2023-02-12 10:48:14.986945','2023-02-12 10:48:14.986945',3472,'f87439e',1,'167f865c-8763-11ed-a031-1c1bb51f4c1c',NULL,NULL,'יהודה הכין שיעורי בית'),(53612,'2023-02-12 10:48:17.819790','2023-02-12 10:48:17.819790',3472,'39f042c',1,'167f865c-8763-11ed-a031-1c1bb51f4c1c',NULL,NULL,'יהודה שיתף את'),(53613,'2023-02-12 10:48:35.833546','2023-02-12 10:48:35.833546',3472,'4926ea9',1,'167f865c-8763-11ed-a031-1c1bb51f4c1c',NULL,NULL,'יהודה השתתף בשיעור בצורה יוצאת דופן'),(53614,'2023-02-12 10:49:38.877712','2023-02-12 10:49:38.877712',3472,'f863ad3',1,'167f865c-8763-11ed-a031-1c1bb51f4c1c',NULL,NULL,'יהודה שיתף את'),(53615,'2023-02-12 10:50:03.515459','2023-02-12 10:50:03.515459',3472,'dbed02b',1,'167f865c-8763-11ed-a031-1c1bb51f4c1c',NULL,NULL,'יהודה השתתף בשיעור בצורה יוצאת דופן'),(53616,'2023-02-12 10:50:24.962441','2023-02-12 10:50:24.962441',3472,'569578e',1,'167f865c-8763-11ed-a031-1c1bb51f4c1c',NULL,NULL,'123'),(53617,'2023-02-12 10:50:54.835913','2023-02-12 10:50:54.835913',3472,'2e50afe',1,'167f865c-8763-11ed-a031-1c1bb51f4c1c',NULL,NULL,'טסט'),(53618,'2023-02-13 11:03:56.863908','2023-02-13 11:03:56.863908',3476,'d343e74',1,'167f865c-8763-11ed-a031-1c1bb51f4c1c',NULL,NULL,'מלאכי שיתף את'),(53619,'2023-02-13 11:47:24.580673','2023-02-13 11:47:24.580673',3478,'c85aa74',1,'167f865c-8763-11ed-a031-1c1bb51f4c1c',NULL,NULL,'ליעוז הכין שיעורי בית'),(53620,'2023-02-13 11:47:45.509886','2023-02-13 11:47:45.509886',3479,'6471c76',1,'167f865c-8763-11ed-a031-1c1bb51f4c1c',NULL,NULL,'ליאם הכין שיעורי בית'),(53621,'2023-02-13 11:48:04.369648','2023-02-13 11:48:04.369648',3485,'21b3eeb',1,'167f865c-8763-11ed-a031-1c1bb51f4c1c',NULL,NULL,'אופיר העביר לנו היום שיעור מרתק בנושא'),(53622,'2023-02-13 11:48:19.616812','2023-02-13 11:48:19.616812',3468,'2d245a8',1,'167f865c-8763-11ed-a031-1c1bb51f4c1c',NULL,NULL,'כל הכבוד'),(53623,'2023-02-13 17:43:51.433833','2023-02-13 17:43:51.433833',3477,'fd44bf6',1,'167f865c-8763-11ed-a031-1c1bb51f4c1c',NULL,NULL,'123'),(53624,'2023-02-13 17:44:00.081175','2023-02-13 17:44:00.081175',3477,'87f253a',1,'167f865c-8763-11ed-a031-1c1bb51f4c1c',NULL,NULL,'ליאם השתתף בשיעור בצורה יוצאת דופן'),(53625,'2023-02-13 17:44:24.783977','2023-02-13 17:44:24.783977',3477,'5faf6a6',1,'167f865c-8763-11ed-a031-1c1bb51f4c1c',NULL,NULL,'ליאם שיתף את מוריה. כל הכבוד!'),(53626,'2023-02-13 17:45:30.572288','2023-02-13 17:45:30.572288',3477,'79ca20b',1,'167f865c-8763-11ed-a031-1c1bb51f4c1c',NULL,NULL,'י'),(53627,'2023-02-13 17:56:31.955596','2023-02-13 17:56:31.955596',3477,'45d2f75',1,'167f865c-8763-11ed-a031-1c1bb51f4c1c',NULL,NULL,'ליאם השתתף בשיעור בצורה יוצאת דופן'),(53628,'2023-02-13 17:56:53.398537','2023-02-13 17:56:53.398537',3477,'bd43ecf',1,'167f865c-8763-11ed-a031-1c1bb51f4c1c',NULL,NULL,'ליאם הכין שיעורי בית'),(53629,'2023-02-13 17:57:07.153087','2023-02-13 17:57:07.153087',3477,'b5cb8fc',1,'167f865c-8763-11ed-a031-1c1bb51f4c1c',NULL,NULL,'ליאם שיתף את החברים'),(53630,'2023-02-13 17:57:23.787465','2023-02-13 17:57:23.787465',3477,'27e9b48',1,'167f865c-8763-11ed-a031-1c1bb51f4c1c',NULL,NULL,'ליאם'),(53631,'2023-02-13 17:58:35.185757','2023-02-13 17:58:35.185757',3477,'7195abc',1,'167f865c-8763-11ed-a031-1c1bb51f4c1c',NULL,NULL,'123'),(53632,'2023-02-13 17:58:46.259915','2023-02-13 17:58:46.259915',3477,'771b852',1,'167f865c-8763-11ed-a031-1c1bb51f4c1c',NULL,NULL,'gxgdxfgd'),(53633,'2023-02-13 17:59:07.106626','2023-02-13 17:59:07.106626',3477,'274f7d5',1,'167f865c-8763-11ed-a031-1c1bb51f4c1c',NULL,NULL,'ליאם השתתף בשיעור בצורה יוצאת דופן'),(53634,'2023-02-13 17:59:22.473435','2023-02-13 17:59:22.473435',3477,'279c1f2',1,'167f865c-8763-11ed-a031-1c1bb51f4c1c',NULL,NULL,'hfghgf'),(53635,'2023-02-13 18:00:02.103496','2023-02-13 18:00:02.103496',3477,'ab98a87',1,'167f865c-8763-11ed-a031-1c1bb51f4c1c',NULL,NULL,'123'),(53636,'2023-02-13 18:00:10.440247','2023-02-13 18:00:10.440247',3477,'c1d3aee',1,'167f865c-8763-11ed-a031-1c1bb51f4c1c',NULL,NULL,'321'),(53637,'2023-02-13 18:03:50.216801','2023-02-13 18:03:50.216801',3477,'8818b41',1,'167f865c-8763-11ed-a031-1c1bb51f4c1c',NULL,NULL,'123'),(53638,'2023-02-13 18:03:58.122473','2023-02-13 18:03:58.122473',3477,'405fe6e',1,'167f865c-8763-11ed-a031-1c1bb51f4c1c',NULL,NULL,'ליאם הכין שיעורי בית 6rtyur6ur6ur6u'),(53639,'2023-02-13 18:20:46.408783','2023-02-13 18:20:46.408783',3477,'8e80cdf',1,'167f865c-8763-11ed-a031-1c1bb51f4c1c',NULL,NULL,'ליאם הכין שיעורי בית'),(53640,'2023-02-13 18:20:54.772586','2023-02-13 18:20:54.772586',3477,'9885a57',1,'167f865c-8763-11ed-a031-1c1bb51f4c1c',NULL,NULL,'ליאם'),(53641,'2023-02-13 18:24:34.498355','2023-02-13 18:24:34.498355',3477,'2ff0926',1,'167f865c-8763-11ed-a031-1c1bb51f4c1c',NULL,NULL,'ליאם השתתף בשיעור בצורה יוצאת דופן'),(53642,'2023-02-13 18:24:41.565824','2023-02-13 18:24:41.565824',3477,'d913696',1,'167f865c-8763-11ed-a031-1c1bb51f4c1c',NULL,NULL,'123'),(53643,'2023-02-14 10:09:39.190983','2023-02-14 10:09:39.190983',3477,'7d10980',1,'167f865c-8763-11ed-a031-1c1bb51f4c1c',NULL,NULL,'ליאם הכין שיעורי בית ברצינות!'),(53644,'2023-02-14 10:13:59.938135','2023-02-14 10:13:59.938135',3477,'5540f8a',1,'167f865c-8763-11ed-a031-1c1bb51f4c1c',NULL,NULL,'ליאם הכין שיעורי בית'),(53645,'2023-02-14 10:16:37.305332','2023-02-14 10:16:37.305332',3477,'c3eb585',1,'167f865c-8763-11ed-a031-1c1bb51f4c1c',NULL,NULL,'ליאם השתתף בשיעור בצורה יוצאת דופן'),(53646,'2023-02-14 10:18:19.339158','2023-02-14 10:18:19.339158',3477,'cc1b735',1,'167f865c-8763-11ed-a031-1c1bb51f4c1c',NULL,NULL,'ליאם ענה תשובה יפה בשיעור'),(53647,'2023-02-14 10:19:31.927481','2023-02-14 10:19:31.927481',3477,'99bceaf',1,'167f865c-8763-11ed-a031-1c1bb51f4c1c',NULL,NULL,'ליאם העביר לנו היום שיעור מרתק בנושא'),(53648,'2023-02-14 10:21:17.915287','2023-02-14 10:21:17.915287',3480,'d47385a',1,'167f865c-8763-11ed-a031-1c1bb51f4c1c',NULL,NULL,'שיאל השתתף בשיעור בצורה יוצאת דופן'),(53649,'2023-02-14 10:22:44.304836','2023-02-14 10:22:44.304836',3480,'dc767b4',1,'167f865c-8763-11ed-a031-1c1bb51f4c1c',NULL,NULL,'שיאל הכין שיעורי בית'),(53650,'2023-02-14 10:25:11.965457','2023-02-14 10:25:11.965457',3480,'4c132bd',1,'167f865c-8763-11ed-a031-1c1bb51f4c1c',NULL,NULL,'שיאל השתתף בשיעור בצורה יוצאת דופן'),(53651,'2023-02-14 10:26:33.684309','2023-02-14 10:26:33.684309',3480,'1379a2c',1,'167f865c-8763-11ed-a031-1c1bb51f4c1c',NULL,NULL,'שיאל הכין שיעורי בית'),(53652,'2023-02-14 10:27:11.705719','2023-02-14 10:27:11.705719',3480,'5ee186a',1,'167f865c-8763-11ed-a031-1c1bb51f4c1c',NULL,NULL,'שיאל השתתף בשיעור בצורה יוצאת דופן'),(53653,'2023-02-14 10:30:57.513211','2023-02-14 10:30:57.513211',3480,'a4a4da7',1,'167f865c-8763-11ed-a031-1c1bb51f4c1c',NULL,NULL,'שיאל הכין שיעורי בית'),(53654,'2023-02-14 10:33:47.959682','2023-02-14 10:33:47.959682',3480,'ca26fd9',1,'167f865c-8763-11ed-a031-1c1bb51f4c1c',NULL,NULL,'שיאל שיתף את חברו'),(53655,'2023-02-14 10:34:01.066153','2023-02-14 10:34:01.066153',3480,'b08dd77',1,'167f865c-8763-11ed-a031-1c1bb51f4c1c',NULL,NULL,'123'),(53656,'2023-02-14 10:34:56.604061','2023-02-14 10:34:56.604061',3480,'ea6f7bd',1,'167f865c-8763-11ed-a031-1c1bb51f4c1c',NULL,NULL,'שיאל הכין שיעורי בית תילחילחילחילח'),(53657,'2023-02-14 10:35:09.538075','2023-02-14 10:35:09.538075',3480,'9392dde',1,'167f865c-8763-11ed-a031-1c1bb51f4c1c',NULL,NULL,'שיאל'),(53658,'2023-02-14 10:39:34.928774','2023-02-14 10:39:34.928774',3481,'501c415',1,'167f865c-8763-11ed-a031-1c1bb51f4c1c',NULL,NULL,'897'),(53659,'2023-02-14 10:39:44.070010','2023-02-14 10:39:44.070010',3481,'bd8f210',1,'167f865c-8763-11ed-a031-1c1bb51f4c1c',NULL,NULL,'789'),(53660,'2023-02-14 10:40:01.710919','2023-02-14 10:40:01.710919',3481,'95c180c',1,'167f865c-8763-11ed-a031-1c1bb51f4c1c',NULL,NULL,'אימרי הכין שיעורי בית ברצינות!'),(53661,'2023-02-14 10:51:03.106305','2023-02-14 10:51:03.106305',3486,'0dc8145',1,'167f865c-8763-11ed-a031-1c1bb51f4c1c',NULL,NULL,'עומר הכין שיעורי בית'),(53662,'2023-02-14 10:51:44.196010','2023-02-14 10:51:44.196010',3486,'065d839',1,'167f865c-8763-11ed-a031-1c1bb51f4c1c',NULL,NULL,'עומר השקיע היום במשימה שניתנה בכיתה'),(53663,'2023-02-14 11:05:22.384201','2023-02-14 11:05:22.384201',3486,'9442960',1,'167f865c-8763-11ed-a031-1c1bb51f4c1c',NULL,NULL,'עומר גילה רגישות מיוחדת לחבר'),(53664,'2023-02-14 11:06:05.833947','2023-02-14 11:06:05.833947',3486,'ec58b77',1,'167f865c-8763-11ed-a031-1c1bb51f4c1c',NULL,NULL,'עומר גילה רגישות מיוחדת לחבר'),(53665,'2023-02-14 11:10:51.968920','2023-02-14 11:10:51.968920',3486,'7ce6b32',1,'167f865c-8763-11ed-a031-1c1bb51f4c1c',NULL,NULL,'עומר התגבר היום על קושי'),(53666,'2023-02-14 11:19:46.790252','2023-02-14 11:19:46.790252',3486,'623088b',1,'167f865c-8763-11ed-a031-1c1bb51f4c1c',NULL,NULL,'עומר הגיש עזרה לחבר בהפסקה'),(53667,'2023-02-14 11:20:04.592418','2023-02-14 11:20:04.592418',3486,'7876683',1,'167f865c-8763-11ed-a031-1c1bb51f4c1c',NULL,NULL,'hsgffgerui tgf fh'),(53668,'2023-02-14 12:07:54.357583','2023-02-14 12:07:54.357583',3482,'10a4133',1,'167f865c-8763-11ed-a031-1c1bb51f4c1c',NULL,NULL,'אושר גילה רגישות מיוחדת לחבר'),(53669,'2023-02-14 12:08:31.744337','2023-02-14 12:08:31.744337',3482,'e12a35e',1,'167f865c-8763-11ed-a031-1c1bb51f4c1c',NULL,NULL,'עוד אל התעוררתי'),(53670,'2023-02-14 15:33:30.192548','2023-02-15 18:27:53.856025',3467,'15b6bb5',1,'167f865c-8763-11ed-a031-1c1bb51f4c1c',NULL,NULL,'איתן הכין שיעורי בית'),(53671,'2023-02-14 15:36:23.194987','2023-02-14 15:36:23.194987',3467,'0922102',1,'167f865c-8763-11ed-a031-1c1bb51f4c1c',NULL,NULL,'איתן השקיע היום במשימה שניתנה בכיתה'),(53672,'2023-02-15 10:23:06.858559','2023-02-15 10:23:06.858559',3483,'9e267b9',1,'167f865c-8763-11ed-a031-1c1bb51f4c1c',NULL,NULL,'משה הכין שיעורי בית'),(53673,'2023-02-15 10:23:16.655060','2023-02-15 10:23:16.655060',3483,'7e7aab8',1,'167f865c-8763-11ed-a031-1c1bb51f4c1c',NULL,NULL,'משה ענה תשובה יפה בשיעור'),(53674,'2023-02-15 10:23:42.353793','2023-02-15 10:23:42.353793',3474,'b57d9b0',1,'167f865c-8763-11ed-a031-1c1bb51f4c1c',NULL,NULL,'123'),(53675,'2023-02-15 10:40:45.893098','2023-02-15 10:40:45.893098',3479,'4f741fa',1,'167f865c-8763-11ed-a031-1c1bb51f4c1c',NULL,NULL,'ליאם השתתף בשיעור בצורה יוצאת דופן'),(53676,'2023-02-15 11:17:26.303600','2023-02-15 11:17:26.303600',3472,'1d44f55',1,'167f865c-8763-11ed-a031-1c1bb51f4c1c',NULL,NULL,'כמו שהטבע רגיל'),(53677,'2023-02-15 11:17:31.292950','2023-02-15 11:17:31.292950',3472,'23e2773',1,'167f865c-8763-11ed-a031-1c1bb51f4c1c',NULL,NULL,'יהודה הכין שיעורי בית'),(53678,'2023-02-15 11:28:34.081795','2023-02-15 11:28:34.081795',3472,'201e6b9',1,'167f865c-8763-11ed-a031-1c1bb51f4c1c',NULL,NULL,'בצורה שלך'),(53679,'2023-02-15 11:28:59.478886','2023-02-15 11:28:59.478886',3472,'2644997',1,'167f865c-8763-11ed-a031-1c1bb51f4c1c',NULL,NULL,'יהודה שאל שאלה יפה היום בשיעור'),(53680,'2023-02-15 11:31:31.149310','2023-02-15 11:31:31.149310',3473,'ae53570',1,'167f865c-8763-11ed-a031-1c1bb51f4c1c',NULL,NULL,'כזה מתוק'),(53681,'2023-02-15 11:31:40.134938','2023-02-15 11:31:40.134938',3473,'0bbf06b',1,'167f865c-8763-11ed-a031-1c1bb51f4c1c',NULL,NULL,'אופק שיתף את נכון');
/*!40000 ALTER TABLE `good_points` ENABLE KEYS */;
UNLOCK TABLES;

--
-- Table structure for table `goodpoint_preset`
--

DROP TABLE IF EXISTS `goodpoint_preset`;
/*!40101 SET @saved_cs_client     = @@character_set_client */;
/*!50503 SET character_set_client = utf8mb4 */;
CREATE TABLE `goodpoint_preset` (
  `goodpoint_id` int NOT NULL,
  `preset_message_id` int NOT NULL,
  `school_id` int NOT NULL,
  PRIMARY KEY (`goodpoint_id`,`preset_message_id`,`school_id`)
) ENGINE=InnoDB DEFAULT CHARSET=utf8mb4 COLLATE=utf8mb4_0900_ai_ci;
/*!40101 SET character_set_client = @saved_cs_client */;

--
-- Dumping data for table `goodpoint_preset`
--

LOCK TABLES `goodpoint_preset` WRITE;
/*!40000 ALTER TABLE `goodpoint_preset` DISABLE KEYS */;
INSERT INTO `goodpoint_preset` VALUES (53653,13,1),(53654,191,1),(53656,13,1),(53660,13,1),(53661,13,1),(53662,242,1),(53663,244,1),(53664,244,1),(53665,248,1),(53666,246,1),(53668,244,1),(53670,13,1),(53671,242,1);
/*!40000 ALTER TABLE `goodpoint_preset` ENABLE KEYS */;
UNLOCK TABLES;

--
-- Table structure for table `preset_messages`
--

DROP TABLE IF EXISTS `preset_messages`;
/*!40101 SET @saved_cs_client     = @@character_set_client */;
/*!50503 SET character_set_client = utf8mb4 */;
CREATE TABLE `preset_messages` (
  `id` int NOT NULL AUTO_INCREMENT,
  `created` datetime(6) DEFAULT CURRENT_TIMESTAMP(6),
  `modified` datetime(6) DEFAULT CURRENT_TIMESTAMP(6) ON UPDATE CURRENT_TIMESTAMP(6),
  `text` varchar(100) CHARACTER SET utf8mb4 COLLATE utf8mb4_0900_ai_ci NOT NULL,
  `preset_category` enum('social','emotional','educational','other') CHARACTER SET utf8mb4 COLLATE utf8mb4_0900_ai_ci NOT NULL,
  `gender` enum('MALE','FEMALE','OTHER','NONE') NOT NULL,
  `lang` enum('he','ar') NOT NULL,
  `school_id` int DEFAULT NULL,
  `creator_id` varchar(36) DEFAULT NULL,
  PRIMARY KEY (`id`),
  KEY `FK_f4c4d6571c6356f194373a76841` (`creator_id`),
  KEY `FK_2a936f3cd0407aa96b713ec65c4` (`school_id`),
  CONSTRAINT `FK_2a936f3cd0407aa96b713ec65c4` FOREIGN KEY (`school_id`) REFERENCES `school` (`id`),
  CONSTRAINT `FK_f4c4d6571c6356f194373a76841` FOREIGN KEY (`creator_id`) REFERENCES `user` (`id`) ON DELETE CASCADE
) ENGINE=InnoDB AUTO_INCREMENT=467 DEFAULT CHARSET=utf8mb4 COLLATE=utf8mb4_0900_ai_ci;
/*!40101 SET character_set_client = @saved_cs_client */;

--
-- Dumping data for table `preset_messages`
--

LOCK TABLES `preset_messages` WRITE;
/*!40000 ALTER TABLE `preset_messages` DISABLE KEYS */;
INSERT INTO `preset_messages` VALUES (2,'2019-11-10 11:20:47.000000',NULL,'התלמיד השתתף בשיעור בצורה יוצאת דופן','educational','MALE','he',NULL,NULL),(13,'2019-12-04 13:10:00.000000',NULL,'התלמיד הכין שיעורי בית ','educational','MALE','he',NULL,NULL),(77,'2020-01-20 12:25:32.000000',NULL,'התלמידה השתתפה בשיעור בצורה יוצאת דופן','educational','FEMALE','he',NULL,NULL),(190,'2020-04-05 11:00:38.000000',NULL,'התלמידה שיתפה את','social','FEMALE','he',NULL,NULL),(191,'2020-04-05 11:00:53.000000',NULL,'התלמיד שיתף את','social','MALE','he',NULL,NULL),(233,'2020-05-25 12:34:59.000000','2023-01-22 15:58:38.363588','התלמיד ממש נחמד היום','social','MALE','he',NULL,'167f8550-8763-11ed-a031-1c1bb51f4c1c'),(234,'2020-05-25 12:35:45.000000','2023-01-22 15:58:38.363588','היום בבוקר נכנסתי ','social','NONE','he',NULL,'167f8550-8763-11ed-a031-1c1bb51f4c1c'),(235,'2020-05-27 18:47:44.000000',NULL,'התלמיד הכין שיעורי בית','educational','MALE','he',NULL,NULL),(236,'2020-05-27 18:48:25.000000',NULL,'התלמיד שאל שאלה יפה היום בשיעור','educational','MALE','he',NULL,NULL),(237,'2020-05-27 18:48:46.000000',NULL,'התלמידה שאלה שאלה יפה בשיעור','educational','FEMALE','he',NULL,NULL),(238,'2020-05-27 18:49:15.000000',NULL,'התלמיד ענה תשובה יפה בשיעור','educational','MALE','he',NULL,NULL),(239,'2020-05-27 18:49:37.000000',NULL,'התלמידה ענתה תשובה יפה בשיעור','educational','FEMALE','he',NULL,NULL),(240,'2020-05-27 18:50:03.000000',NULL,'התלמיד העביר לנו היום שיעור מרתק בנושא','educational','MALE','he',NULL,NULL),(241,'2020-05-27 18:50:26.000000',NULL,'התלמידה העבירה לנו שיעור מרתק בנושא','educational','FEMALE','he',NULL,NULL),(242,'2020-05-27 18:51:09.000000',NULL,'התלמיד השקיע היום במשימה שניתנה בכיתה','educational','MALE','he',NULL,NULL),(243,'2020-05-27 18:51:50.000000',NULL,'התלמידה השקיעה היום במשימה שניתנה בכיתה','educational','FEMALE','he',NULL,NULL),(244,'2020-05-27 18:52:22.000000',NULL,'התלמיד גילה רגישות מיוחדת לחבר','emotional','MALE','he',NULL,NULL),(245,'2020-05-27 18:52:43.000000',NULL,'התלמידה גילתה רגישות לחברה ','emotional','FEMALE','he',NULL,NULL),(246,'2020-05-27 18:53:19.000000',NULL,'התלמיד הגיש עזרה לחבר בהפסקה','social','MALE','he',NULL,NULL),(247,'2020-05-27 18:53:44.000000',NULL,'התלמידה הגישה עזרה לחברה היום בהפסקה','social','FEMALE','he',NULL,NULL),(248,'2020-05-27 18:54:11.000000',NULL,'התלמיד התגבר היום על קושי ','emotional','MALE','he',NULL,NULL),(249,'2020-05-27 18:54:28.000000',NULL,'התלמידה התגברה היום על קושי','emotional','FEMALE','he',NULL,NULL),(250,'2020-05-27 18:54:45.000000',NULL,'התלמיד גילה בגרות','emotional','MALE','he',NULL,NULL),(251,'2020-05-27 18:55:00.000000',NULL,'התלמידה גילתה אחריות','emotional','FEMALE','he',NULL,NULL),(252,'2020-05-27 18:55:17.000000',NULL,'התלמיד גילה אחריות','emotional','MALE','he',NULL,NULL),(253,'2020-05-27 18:55:36.000000',NULL,'התלמידה גילתה בגרות','emotional','FEMALE','he',NULL,NULL),(254,'2020-05-27 18:55:55.000000',NULL,'התלמיד התנדב היום לעזור','emotional','MALE','he',NULL,NULL),(255,'2020-05-27 18:56:15.000000',NULL,'התלמידה התנדבה היום לעזור','emotional','FEMALE','he',NULL,NULL),(256,'2020-05-27 18:56:47.000000',NULL,'התלמיד ויתר לחברו','social','MALE','he',NULL,NULL),(257,'2020-05-27 18:57:05.000000',NULL,'התלמידה ויתרה לחברתה','social','FEMALE','he',NULL,NULL),(258,'2020-05-27 18:57:25.000000',NULL,'התלמיד גילה כושר מנהיגות','social','MALE','he',NULL,NULL),(259,'2020-05-27 18:57:42.000000',NULL,'התלמידה גילתה כושר מנהיגות','social','FEMALE','he',NULL,NULL),(260,'2020-05-27 19:23:07.000000','2023-01-22 15:58:38.363588','התלמיד הביע את ','emotional','MALE','he',NULL,'167f8550-8763-11ed-a031-1c1bb51f4c1c'),(261,'2020-05-27 19:23:19.000000','2023-01-22 15:58:38.363588','התלמידה הביעה את ','emotional','FEMALE','he',NULL,'167f8550-8763-11ed-a031-1c1bb51f4c1c'),(262,'2020-05-27 19:26:09.000000','2023-01-22 15:58:38.363588','התלמיד עבד ולמד עם חבר ','social','MALE','he',NULL,'167f8550-8763-11ed-a031-1c1bb51f4c1c'),(263,'2020-05-27 19:26:29.000000','2023-01-22 15:58:38.363588','התלמידה עבדה ולמדה עם חברה ','social','FEMALE','he',NULL,'167f8550-8763-11ed-a031-1c1bb51f4c1c'),(264,'2020-05-27 19:28:40.000000','2023-01-22 15:58:38.363588','התלמיד הקשיב בסקרנות ועניין','educational','MALE','he',NULL,'167f8550-8763-11ed-a031-1c1bb51f4c1c'),(265,'2020-05-27 19:28:56.000000','2023-01-22 15:58:38.363588','התלמידה הקשיבה בסקרנות ועניין ','educational','FEMALE','he',NULL,'167f8550-8763-11ed-a031-1c1bb51f4c1c'),(266,'2020-05-27 19:31:24.000000','2023-01-22 15:58:38.363588','התלמיד התנהג בדרך ארץ וכבוד ','other','MALE','he',NULL,'167f8550-8763-11ed-a031-1c1bb51f4c1c'),(267,'2020-05-27 19:31:37.000000','2023-01-22 15:58:38.363588','התלמידה התנהגה בדרך ארץ וכבוד','other','FEMALE','he',NULL,'167f8550-8763-11ed-a031-1c1bb51f4c1c'),(268,'2020-05-27 19:32:31.000000','2023-01-22 15:58:38.363588','התלמיד פירגן ','social','MALE','he',NULL,'167f8550-8763-11ed-a031-1c1bb51f4c1c'),(269,'2020-05-27 19:32:39.000000','2023-01-22 15:58:38.363588','התלמידה פירגנה ','social','FEMALE','he',NULL,'167f8550-8763-11ed-a031-1c1bb51f4c1c'),(271,'2020-06-03 05:09:54.000000','2023-01-22 15:58:38.363588','התלמידה מתעמלת יפה וברצון והתקדמה מאוד','other','FEMALE','he',NULL,'167f8550-8763-11ed-a031-1c1bb51f4c1c'),(272,'2020-06-03 05:33:29.000000',NULL,'התלמיד הקשיב בסקרנות ובעניין','educational','MALE','he',NULL,NULL),(273,'2020-06-03 05:33:59.000000',NULL,'התלמידה הקשיבה בסקרנות ובעניין','educational','FEMALE','he',NULL,NULL),(276,'2020-06-03 05:48:37.000000',NULL,'התלמיד מקפיד על סדר וארגון ','educational','MALE','he',NULL,NULL),(277,'2020-06-03 05:50:43.000000',NULL,'התלמידה מקפידה על סדר ונקיון ','educational','FEMALE','he',NULL,NULL),(283,'2020-06-03 08:10:31.000000',NULL,'התלמיד קיבל תפקיד בכיתה וממלא אותו באחריות','other','MALE','he',NULL,NULL),(284,'2020-06-03 08:11:20.000000',NULL,'התלמידה קיבלה תפקיד בכיתה וממלאת אותו באחריות','other','FEMALE','he',NULL,NULL),(285,'2020-06-15 06:30:41.000000','2023-01-22 15:58:38.363588','התלמיד מאוד משתדל ומשתתף בשיעור.','other','MALE','he',NULL,'167f8550-8763-11ed-a031-1c1bb51f4c1c'),(286,'2020-06-15 06:33:18.000000','2023-01-22 15:58:38.363588','התלמידה מאוד משתדלת ומשתתפת בשיעור','other','FEMALE','he',NULL,'167f8550-8763-11ed-a031-1c1bb51f4c1c'),(287,'2020-06-15 06:37:42.000000','2023-01-22 15:58:38.363588','מגלה הריצות ונכונות למאמץ','other','NONE','he',NULL,'167f8550-8763-11ed-a031-1c1bb51f4c1c'),(289,'2020-09-22 12:36:34.000000',NULL,'התלמיד השתתף היום באופן פעיל בשיעור הזום','other','MALE','he',NULL,NULL),(290,'2020-09-22 12:37:01.000000',NULL,'התלמידה השתתפה היום באופן פעיל בזום','other','FEMALE','he',NULL,NULL),(291,'2020-09-22 12:39:05.000000',NULL,'התלמיד הגיע בזמן לשיעור הזום','other','MALE','he',NULL,NULL),(292,'2020-09-22 12:39:31.000000',NULL,'התלמידה הגיעה היום בזמן לשיעור הלמידה בזום','other','FEMALE','he',NULL,NULL),(293,'2020-09-22 12:41:02.000000',NULL,'התלמיד עזר לנו היום לפתור בעיה טכנית בזום','other','MALE','he',NULL,NULL),(294,'2020-09-22 12:41:24.000000',NULL,'התלמידה עזרה לנו היום לפתור בעיה טכנית בזום','other','FEMALE','he',NULL,NULL),(295,'2020-09-22 12:42:28.000000',NULL,'התלמיד מילא היום את כל משימות הלמידה מרחוק בחריצות וביעילות.','other','MALE','he',NULL,NULL),(296,'2020-09-22 12:42:54.000000',NULL,'התלמידה מילאה היום את כל משימות הלמידה מרחוק בחריצות וביעילות.','other','FEMALE','he',NULL,NULL),(297,'2020-09-22 12:45:25.000000',NULL,'התלמיד מגלה כוחות חדשים וייחודייםבתקופה מאתגרת זו.','other','MALE','he',NULL,NULL),(298,'2020-09-22 12:46:00.000000',NULL,'התלמידה מגלה כוחות חדשים וייחודיים בתקופה מאתגרת זו.','other','FEMALE','he',NULL,NULL),(299,'2020-09-22 12:46:47.000000',NULL,'התלמיד שיתף אותנו באופן כנה ובוגר ברגשותיו.','other','MALE','he',NULL,NULL),(300,'2020-09-22 12:47:26.000000',NULL,'התלמידה שיתפה אותנו באופן כנה ובוגר ברגשותיה.','other','FEMALE','he',NULL,NULL),(301,'2020-09-22 12:49:47.000000',NULL,'התלמיד התייחס לדברי חבריו בשיעור ובזכותו התפתח דיון פורה','other','MALE','he',NULL,NULL),(302,'2020-09-22 12:50:45.000000',NULL,'התלמידה התייחסה לדברי חבריה בשיעור ובזכותה התפתח דיון פורה','other','FEMALE','he',NULL,NULL),(303,'2020-09-22 12:51:38.000000',NULL,'שמחתי לראות את התלמיד נוכח ומחייך היום בשיעור ','other','MALE','he',NULL,NULL),(304,'2020-09-22 12:52:09.000000',NULL,'שמחתי לראות את התלמידה נוכחת ומחייכת היום בשיעור ','other','FEMALE','he',NULL,NULL),(305,'2020-09-22 12:53:05.000000',NULL,'התלמיד משתמש יפה באפשרויות הטכנולוגיות כדי לקבל את רשות הדיבור.','other','MALE','he',NULL,NULL),(306,'2020-09-22 12:53:42.000000',NULL,'התלמידה משתמשת יפה באפשרויות הטכנולוגיות כדי לקבל את רשות הדיבור.','other','FEMALE','he',NULL,NULL),(307,'2020-09-22 12:55:39.000000',NULL,'התלמיד הקריא היום טקסט לכל הכיתה בצורה רהוטה ומכובדת','other','MALE','he',NULL,NULL),(308,'2020-09-22 12:56:10.000000',NULL,'התלמידה הקריאה לכל הכיתה טקסט היום בצורה רהוטה ומכובדת','other','FEMALE','he',NULL,NULL),(309,'2020-09-22 12:57:06.000000',NULL,'התלמיד מגלה עצמאות ואחריות בלמידה.','other','MALE','he',NULL,NULL),(310,'2020-09-22 12:57:35.000000',NULL,'התלמידה מגלה עצמאות ואחריות בלמידה','other','FEMALE','he',NULL,NULL),(311,'2020-09-22 12:58:17.000000',NULL,'התלמיד העשיר אותנו היום מחפצים הנמצאים בביתו','other','MALE','he',NULL,NULL),(312,'2020-09-22 12:58:39.000000',NULL,'התלמידה העשירה אותנו היום מחפצים הנמצאים בביתה','other','FEMALE','he',NULL,NULL),(313,'2020-12-24 13:14:07.000000',NULL,'התלמיד עזר לחברה בהפסקה','social','MALE','he',NULL,NULL),(314,'2020-12-24 13:14:35.000000',NULL,'התלמידה עזרה לחבר בהפסקה','social','FEMALE','he',NULL,NULL),(315,'2021-02-07 08:10:20.000000','2023-01-22 15:58:38.363588','עבד והשתתף בשיעור , גאה בה','educational','NONE','he',NULL,'167f8550-8763-11ed-a031-1c1bb51f4c1c'),(318,'2021-03-01 11:29:04.000000','2023-01-22 15:58:38.363588','התלמידה היקרה למדה ועבדה יפה בשיעור אנגלית.','educational','FEMALE','he',NULL,'167f8550-8763-11ed-a031-1c1bb51f4c1c'),(319,'2021-03-01 11:29:26.000000','2023-01-22 15:58:38.363588','התלמיד היקר למד ועבד יפה בשיעור אנגלית.','educational','MALE','he',NULL,'167f8550-8763-11ed-a031-1c1bb51f4c1c'),(320,'2021-03-01 11:29:51.000000','2023-01-22 15:58:38.363588','התלמיד המתוק השתתף יפה בשיעור אנגלית','educational','MALE','he',NULL,'167f8550-8763-11ed-a031-1c1bb51f4c1c'),(321,'2021-03-01 11:30:20.000000','2023-01-22 15:58:38.363588','התלמידה המקסימה השתתפה יפה בשיעור אנגלית.','educational','FEMALE','he',NULL,'167f8550-8763-11ed-a031-1c1bb51f4c1c'),(322,'2021-03-06 20:15:10.000000','2023-01-22 15:58:38.363588','התלמיד שיחק יפה עם חבריו במהלך ההפסקה','social','MALE','he',NULL,'167f8550-8763-11ed-a031-1c1bb51f4c1c'),(323,'2021-03-06 20:16:05.000000','2023-01-22 15:58:38.363588','התלמיד ביצע מטלה לימודית באופן רציני ויסודי','educational','MALE','he',NULL,'167f8550-8763-11ed-a031-1c1bb51f4c1c'),(324,'2021-03-06 20:17:32.000000','2023-01-22 15:58:38.363588','התלמיד השתתף במהלך השיעור ותרם מידיעותיו','educational','MALE','he',NULL,'167f8550-8763-11ed-a031-1c1bb51f4c1c'),(326,'2021-03-07 19:11:04.000000','2023-01-22 15:58:38.363588','התלמיד מעורה בחברת הילדים ומגלה יחס טוב והוגן כלפי חבריו.  ','social','MALE','he',NULL,'167f8550-8763-11ed-a031-1c1bb51f4c1c'),(327,'2021-03-07 19:13:02.000000','2023-01-22 15:58:38.363588','התלמיד מגלה עניין רב במתרחש בכיתה, עובד יפה ובאופן עצמאי ומבצע את המשימות הלימודיות בצורה טובה. ','educational','MALE','he',NULL,'167f8550-8763-11ed-a031-1c1bb51f4c1c'),(329,'2021-03-07 19:14:37.000000','2023-01-22 15:58:38.363588','התלמיד בעל מוטיבציה רבה, עובד בחריצות ובהתמדה.','educational','MALE','he',NULL,'167f8550-8763-11ed-a031-1c1bb51f4c1c'),(330,'2021-03-07 19:20:35.000000','2023-01-22 15:58:38.363588','נהנתי לראות את התלמיד משחק עם חבריו במהלך ההפסקה','social','MALE','he',NULL,'167f8550-8763-11ed-a031-1c1bb51f4c1c'),(331,'2021-03-07 19:26:21.000000','2023-01-22 15:58:38.363588','התלמיד התפלל היום בכוונה רבה ושימש דוגמא לכל הכיתה','other','MALE','he',NULL,'167f8550-8763-11ed-a031-1c1bb51f4c1c'),(332,'2021-03-07 19:35:04.000000','2023-01-22 15:58:38.363588','התלמיד מגלה נכונות לעזור לזולת','social','MALE','he',NULL,'167f8550-8763-11ed-a031-1c1bb51f4c1c'),(334,'2021-03-07 19:44:36.000000','2023-01-22 15:58:38.363588','התלמידה מגלה נכונות לעזור לזולת','social','FEMALE','he',NULL,'167f8550-8763-11ed-a031-1c1bb51f4c1c'),(335,'2021-03-07 19:45:13.000000','2023-01-22 15:58:38.363588','התלמידה מעורה בחברת הילדים ומגלה יחס טוב והוגן כלפי חבריה.  ','social','FEMALE','he',NULL,'167f8550-8763-11ed-a031-1c1bb51f4c1c'),(336,'2021-03-07 19:45:34.000000','2023-01-22 15:58:38.363588','התלמיד תורם רבות לדיונים בכיתה','educational','MALE','he',NULL,'167f8550-8763-11ed-a031-1c1bb51f4c1c'),(337,'2021-03-07 19:45:49.000000','2023-01-22 15:58:38.363588','התלמידה תורמת רבות לדיונים בכיתה','educational','FEMALE','he',NULL,'167f8550-8763-11ed-a031-1c1bb51f4c1c'),(338,'2021-03-07 19:46:13.000000','2023-01-22 15:58:38.363588','התלמידה בעלת מוטיבציה רבה, עובדת בחריצות ובהתמדה.','educational','FEMALE','he',NULL,'167f8550-8763-11ed-a031-1c1bb51f4c1c'),(339,'2021-03-07 19:46:34.000000','2023-01-22 15:58:38.363588','התלמידה מגלה עניין רב במתרחש בכיתה, עובדת יפה ובאופן עצמאי ומבצעת את המשימות הלימודיות בצורה טובה. ','educational','FEMALE','he',NULL,'167f8550-8763-11ed-a031-1c1bb51f4c1c'),(340,'2021-03-07 19:47:08.000000','2023-01-22 15:58:38.363588','התלמידה השתתפה במהלך השיעור ותרמה מידיעותיה.','educational','FEMALE','he',NULL,'167f8550-8763-11ed-a031-1c1bb51f4c1c'),(341,'2021-03-07 19:47:28.000000','2023-01-22 15:58:38.363588','התלמידה ביצעה מטלה לימודית באופן רציני ויסודי.','educational','FEMALE','he',NULL,'167f8550-8763-11ed-a031-1c1bb51f4c1c'),(342,'2021-03-07 19:48:10.000000','2023-01-22 15:58:38.363588','התלמידה שיחקה יפה עם חבריה במהלך ההפסקה','social','FEMALE','he',NULL,'167f8550-8763-11ed-a031-1c1bb51f4c1c'),(343,'2021-03-07 19:51:11.000000','2023-01-22 15:58:38.363588','התלמיד מגלה רגישות ואכפתיות לצורכי האחר. ','emotional','MALE','he',NULL,'167f8550-8763-11ed-a031-1c1bb51f4c1c'),(344,'2021-03-07 19:51:30.000000','2023-01-22 15:58:38.363588','התלמידה מגלה רגישות ואכפתיות לצורכי האחר. ','emotional','FEMALE','he',NULL,'167f8550-8763-11ed-a031-1c1bb51f4c1c'),(345,'2021-03-07 20:01:35.000000','2023-01-22 15:58:38.363588','התלמיד לומד מתוך סקרנות ועניין ומקפיד לבצע את המטלות הלימודיות בצורה רצינית ויסודית. ','educational','MALE','he',NULL,'167f8550-8763-11ed-a031-1c1bb51f4c1c'),(346,'2021-03-07 20:02:11.000000','2023-01-22 15:58:38.363588','התלמידה לומדת מתוך סקרנות ועניין ומקפידה לבצע את המטלות הלימודיות בצורה רצינית ויסודית','educational','FEMALE','he',NULL,'167f8550-8763-11ed-a031-1c1bb51f4c1c'),(347,'2021-03-07 20:03:25.000000','2023-01-22 15:58:38.363588','התלמיד תורם רבות לאווירה נעימה בכיתתנו. ','emotional','MALE','he',NULL,'167f8550-8763-11ed-a031-1c1bb51f4c1c'),(348,'2021-03-07 20:03:41.000000','2023-01-22 15:58:38.363588','התלמידה תורמת רבות לאווירה נעימה בכיתתנו. ','emotional','FEMALE','he',NULL,'167f8550-8763-11ed-a031-1c1bb51f4c1c'),(350,'2021-03-07 20:14:51.000000','2023-01-22 15:58:38.363588','התלמידה מעורה בחברת הילדים ומגלה יחס טוב והוגן כלפי חבריה.  ','social','FEMALE','he',NULL,'167f8550-8763-11ed-a031-1c1bb51f4c1c'),(351,'2021-03-07 20:15:58.000000','2023-01-22 15:58:38.363588','נהנתי לראות את התלמידה משחקת יפה במהלך ההפסקה.','social','FEMALE','he',NULL,'167f8550-8763-11ed-a031-1c1bb51f4c1c'),(352,'2021-11-07 07:23:48.000000','2023-01-22 15:58:38.363588','התלמידה התעוררה בזמן לזום הבוקר','educational','FEMALE','he',NULL,'167f8550-8763-11ed-a031-1c1bb51f4c1c'),(353,'2021-11-07 07:24:04.000000','2023-01-22 15:58:38.363588','התלמיד התעורר בזמן לזום הבוקר','educational','MALE','he',NULL,'167f8550-8763-11ed-a031-1c1bb51f4c1c'),(354,'2021-11-08 19:09:09.000000','2023-01-22 15:58:38.363588','התלמיד עבד בשיתוף פעולה פורה עם חבריו','social','MALE','he',NULL,'167f8550-8763-11ed-a031-1c1bb51f4c1c'),(355,'2021-11-09 23:08:47.000000','2023-01-22 15:58:38.363588','התלמיד שמח בשיעור ותורם לנו בהשתתפותו','other','MALE','he',NULL,'167f8550-8763-11ed-a031-1c1bb51f4c1c'),(356,'2021-11-10 16:36:18.000000','2023-01-22 15:58:38.363588','מגלה בגרות בהתנהגותו בדרך ארץ יוצאים מן הכלל','other','NONE','he',NULL,'167f8550-8763-11ed-a031-1c1bb51f4c1c'),(357,'2021-11-11 11:06:19.000000','2023-01-22 15:58:38.363588','הבוקר נפתח בתפילה זכה, והכל בזכות התלמיד.','other','MALE','he',NULL,'167f8550-8763-11ed-a031-1c1bb51f4c1c'),(358,'2021-11-25 15:39:17.000000',NULL,'الطالب قام بأداء وظيفته بمسؤولية تامة','other','MALE','ar',NULL,NULL),(359,'2021-11-25 15:39:25.000000',NULL,'إشترك الطالب في التعلّم عن بُعد بشكل فعّال','other','MALE','ar',NULL,NULL),(360,'2021-11-25 15:39:26.000000',NULL,'الطالب فتح درس الزوم في الوقت المحدد','other','MALE','ar',NULL,NULL),(361,'2021-11-25 15:39:26.000000',NULL,'ساعد الطالب صديقه في التعامل مع مشكلة في الحاسوب (الزوم)','other','MALE','ar',NULL,NULL),(362,'2021-11-25 15:39:26.000000',NULL,'الطالب استعمل الخليوي كي يجيب على الاسئلة التي وجهت له عبر البرنامج المحوسب','other','MALE','ar',NULL,NULL),(363,'2021-11-25 15:39:26.000000',NULL,'الطالبة قامت بأداء وظيفتها بمسؤولية تامة','other','FEMALE','ar',NULL,NULL),(364,'2021-11-25 15:39:27.000000',NULL,'إشتركت الطالبة في التعلّم عن بُعد بشكل فعّال','other','FEMALE','ar',NULL,NULL),(365,'2021-11-25 15:39:27.000000',NULL,'الطالبة فتحت درس الزوم في الوقت المحدد','other','FEMALE','ar',NULL,NULL),(366,'2021-11-25 15:39:27.000000',NULL,'ساعدت الطالبة صديقتها في التعامل مع مشكلة في الحاسوب (الزوم)','other','FEMALE','ar',NULL,NULL),(367,'2021-11-25 15:39:28.000000',NULL,'الطالبة استعملت الخليوي كي تجيب على الاسئلة التي وجهت لها عبر البرنامج المحوسب','other','FEMALE','ar',NULL,NULL),(368,'2021-11-25 15:39:28.000000',NULL,'إشتراك الطّالبة في الدرس بصورة ممتازة','educational','FEMALE','ar',NULL,NULL),(369,'2021-11-25 15:39:28.000000',NULL,'الطالبة حضّرت وظائفها بصورة جيدة','educational','FEMALE','ar',NULL,NULL),(370,'2021-11-25 15:39:29.000000',NULL,'الطالبة اجابت على الاسئلة التي وجهها المعلم لها اثناء الدرس','educational','FEMALE','ar',NULL,NULL),(371,'2021-11-25 15:39:29.000000',NULL,'إشتراك فعّال خلال الدرس','educational','FEMALE','ar',NULL,NULL),(372,'2021-11-25 15:39:29.000000',NULL,'الطالبة  نفذت المهام التي القيت عليها اثناء الدرس','educational','FEMALE','ar',NULL,NULL),(373,'2021-11-25 15:39:29.000000',NULL,'الطالبة كتبت ملاحظات على الدفتر اثناء الدرس','educational','FEMALE','ar',NULL,NULL),(374,'2021-11-25 15:39:30.000000',NULL,'إشتراك الطّالب في الدرس بصورة ممتازة','educational','MALE','ar',NULL,NULL),(375,'2021-11-25 15:39:30.000000',NULL,'الطالب حضّر وظائفه بصورة جيدة','educational','MALE','ar',NULL,NULL),(376,'2021-11-25 15:39:30.000000',NULL,'الطالب اجاب على الاسئلة التي وجهها المعلم له اثناء الدرس','educational','MALE','ar',NULL,NULL),(377,'2021-11-25 15:39:31.000000',NULL,'إشتراك فعّال خلال الدرس','educational','MALE','ar',NULL,NULL),(378,'2021-11-25 15:39:31.000000',NULL,'الطالب نفذ المهام التي القيت عليه اثناء الدرس','educational','MALE','ar',NULL,NULL),(379,'2021-11-25 15:39:31.000000',NULL,'الطالب كتب ملاحظات على الدفتر اثناء الدرس','educational','MALE','ar',NULL,NULL),(380,'2021-11-25 15:39:32.000000',NULL,'الطالب حساس لباقي الزملاء','emotional','MALE','ar',NULL,NULL),(381,'2021-11-25 15:39:32.000000',NULL,'االطالب تغلب اليوم على صعوبات واجهته','emotional','MALE','ar',NULL,NULL),(382,'2021-11-25 15:39:32.000000',NULL,'الطالب اظهر سلوك كطالب بالغ في المدرسة','emotional','MALE','ar',NULL,NULL),(383,'2021-11-25 15:39:32.000000',NULL,'لدى الطالب القدرة لتقبل الانتقادات','emotional','MALE','ar',NULL,NULL),(384,'2021-11-25 15:39:33.000000',NULL,'الطالبة حساسة لباقي الزميلات','emotional','FEMALE','ar',NULL,NULL),(385,'2021-11-25 15:39:33.000000',NULL,'االطالبة تغلبت اليوم على صعوبات واجهتها','emotional','FEMALE','ar',NULL,NULL),(386,'2021-11-25 15:39:33.000000',NULL,'الطالبة اظهر سلوك كطالبة بالغة في المدرسة','emotional','FEMALE','ar',NULL,NULL),(387,'2021-11-25 15:39:33.000000',NULL,'لدى الطالبة القدرة لتقبل الانتقادات','emotional','FEMALE','ar',NULL,NULL),(388,'2021-11-25 15:39:34.000000',NULL,'الطالبة تشارك مع صديقاتها في الاستراحة','social','FEMALE','ar',NULL,NULL),(389,'2021-11-25 15:39:34.000000',NULL,'الطالبة تتعاون مع صديقاتها','social','FEMALE','ar',NULL,NULL),(390,'2021-11-25 15:39:34.000000',NULL,'الطالبة تملك روح القيادة','social','FEMALE','ar',NULL,NULL),(391,'2021-11-25 15:39:35.000000',NULL,'الطالبة متسامحة مع الآخرين','social','FEMALE','ar',NULL,NULL),(392,'2021-11-25 15:39:35.000000',NULL,'الطالبة تحترم الاخرين','social','FEMALE','ar',NULL,NULL),(393,'2021-11-25 15:39:35.000000',NULL,'الطالبا لديها روح التطوع','social','FEMALE','ar',NULL,NULL),(394,'2021-11-25 15:39:35.000000',NULL,'الطالبة تشجع زميلاتها اثناء القيام بمهام تعليمية','social','FEMALE','ar',NULL,NULL),(395,'2021-11-25 15:39:36.000000',NULL,'الطالب يتشارك مع اصدقاءه في الاستراحة','social','MALE','ar',NULL,NULL),(396,'2021-11-25 15:39:36.000000',NULL,'الطالب يتعاون مع اصدقاءه','social','MALE','ar',NULL,NULL),(397,'2021-11-25 15:39:36.000000',NULL,'الطالب يملك روح  القيادة','social','MALE','ar',NULL,NULL),(398,'2021-11-25 15:39:36.000000',NULL,'الطالب متسامح مع الآخرين','social','MALE','ar',NULL,NULL),(399,'2021-11-25 15:39:37.000000',NULL,'الطالب يحترم الاخرين','social','MALE','ar',NULL,NULL),(400,'2021-11-25 15:39:37.000000',NULL,'الطالب لديه روح التطوع','social','MALE','ar',NULL,NULL),(401,'2021-11-25 15:39:37.000000',NULL,'الطالب يشجع زملاءه اثناء القيام بمهام تعليمية','social','MALE','ar',NULL,NULL),(402,'2021-12-28 16:05:06.000000','2023-01-22 15:58:38.363588','התלמיד עזר היום בבוקר לארגן את הכיתה ללמידה.','other','MALE','he',NULL,'167f8550-8763-11ed-a031-1c1bb51f4c1c'),(403,'2021-12-28 16:05:41.000000','2023-01-22 15:58:38.363588','התלמידה עזרה היום בבוקר לארגן את הכיתה ללמידה.','other','FEMALE','he',NULL,'167f8550-8763-11ed-a031-1c1bb51f4c1c'),(404,'2021-12-28 16:06:41.000000','2023-01-22 15:58:38.363588','התלמיד השתתף מאוד יפה בשיעור עברית.','educational','MALE','he',NULL,'167f8550-8763-11ed-a031-1c1bb51f4c1c'),(405,'2021-12-28 16:07:12.000000','2023-01-22 15:58:38.363588','התלמידה השתתפה מאוד יפה בשיעור עברית.','educational','FEMALE','he',NULL,'167f8550-8763-11ed-a031-1c1bb51f4c1c'),(408,'2021-12-28 16:08:34.000000','2023-01-22 15:58:38.363588','התלמיד השתתף מאוד יפה בשיעור גיאומטריה.','educational','MALE','he',NULL,'167f8550-8763-11ed-a031-1c1bb51f4c1c'),(409,'2021-12-28 16:09:02.000000','2023-01-22 15:58:38.363588','התלמידה השתתפה מאוד יפה בשיעור מתמטיקה.','educational','FEMALE','he',NULL,'167f8550-8763-11ed-a031-1c1bb51f4c1c'),(410,'2021-12-28 16:09:46.000000','2023-01-22 15:58:38.363588','התלמיד השתתף מאוד יפה בשיעור מתמטיקה.','educational','MALE','he',NULL,'167f8550-8763-11ed-a031-1c1bb51f4c1c'),(411,'2021-12-28 16:10:29.000000','2023-01-22 15:58:38.363588','התלמידה השתתפה מאוד יפה בשיעור גיאומטריה.','educational','FEMALE','he',NULL,'167f8550-8763-11ed-a031-1c1bb51f4c1c'),(412,'2022-01-07 09:22:18.000000','2023-01-22 15:58:38.363588','התלמיד עבד יפה מאוד בשיעור ','social','MALE','he',NULL,'167f8550-8763-11ed-a031-1c1bb51f4c1c'),(413,'2022-01-07 09:23:06.000000','2023-01-22 15:58:38.363588','התלמידה עבדה יפה בשיעור','social','FEMALE','he',NULL,'167f8550-8763-11ed-a031-1c1bb51f4c1c'),(415,'2022-03-05 21:15:17.000000','2023-01-22 15:58:38.363588','משתתף באופן פעיל ומדבר בהצבעה','educational','NONE','he',NULL,'167f8550-8763-11ed-a031-1c1bb51f4c1c'),(416,'2022-03-10 23:06:20.000000','2023-01-22 15:58:38.363588','תענוג ללמד את התלמידה ','social','FEMALE','he',NULL,'167f8550-8763-11ed-a031-1c1bb51f4c1c'),(417,'2022-05-12 15:09:34.000000','2023-01-22 15:58:38.363588','התלמידה עבדה מקסים בשיעור כתיב, כיף להיות המורה שלה','social','FEMALE','he',NULL,'167f8550-8763-11ed-a031-1c1bb51f4c1c'),(418,'2022-05-12 15:10:03.000000','2023-01-22 15:58:38.363588','התלמיד עבד מקסים בשיעור כתיב, כיף להיות המורה שלו','social','MALE','he',NULL,'167f8550-8763-11ed-a031-1c1bb51f4c1c'),(419,'2022-05-25 06:27:23.000000','2023-01-22 15:58:38.363588','התלמידה עבדה יפה מאוד בשיעור עברית, כל הכבוד.','educational','FEMALE','he',NULL,'167f8550-8763-11ed-a031-1c1bb51f4c1c'),(420,'2022-08-09 06:03:40.000000',NULL,'התלמידה שואלת שאלות נהדרות','educational','FEMALE','he',16,NULL),(421,'2022-08-09 06:03:40.000000',NULL,'התלמידה מתפתחת התנהגותית נהדר','emotional','FEMALE','he',16,NULL),(422,'2022-08-09 06:03:40.000000',NULL,'התלמיד התנהג יפה טסטט','social','MALE','he',16,NULL),(423,'2022-08-09 06:11:29.000000',NULL,'התלמיד התנהג יפה','social','MALE','he',16,NULL),(424,'2022-08-09 06:12:29.000000',NULL,'התלמידה מתddd התנהגותית נהדר','emotional','FEMALE','he',16,NULL),(425,'2022-09-13 06:10:51.000000','2023-01-22 15:58:38.363588','עוזרת מקסים לחברות. מתנדבת למשימות מתוך שמחה. בעלת מידות טובות ולב טוב. גאה בך.','social','NONE','he',NULL,'167f8550-8763-11ed-a031-1c1bb51f4c1c'),(426,'2022-09-13 06:11:39.000000','2023-01-22 15:58:38.363588','לומדת מתוך שמחה, בחריצות ואהבה, גם שקשה קצת לא מתייאשת ובכל הכח משקיעה מדהים.','educational','NONE','he',NULL,'167f8550-8763-11ed-a031-1c1bb51f4c1c'),(427,'2022-09-14 12:38:46.000000','2023-01-22 15:58:38.363588','התלמיד היקר, התפללת בצורה נפלאה היום, גאה בך מאד. ','social','MALE','he',NULL,'167f8550-8763-11ed-a031-1c1bb51f4c1c'),(428,'2022-09-14 18:39:09.000000','2023-01-22 15:58:38.363588','התלמיד עבד היום בשיעור בצורה נהדרת, והעתיק למחברתו במאמץ את כל החומר הנלמד, יישר כח','educational','MALE','he',NULL,'167f8550-8763-11ed-a031-1c1bb51f4c1c'),(430,'2022-09-15 05:00:16.000000','2023-01-22 15:58:38.363588','מקפידה להיות מוכנה בזמן עם הציוד הנדרש לכל שיעור , יישר כח!','educational','NONE','he',NULL,'167f8550-8763-11ed-a031-1c1bb51f4c1c'),(433,'2022-09-22 15:52:53.000000','2023-01-22 15:58:38.363588','התלמיד נטל חלק פעיל בשיעור שפה והשתתף יפה במהלך השיעור.','educational','MALE','he',NULL,'167f8550-8763-11ed-a031-1c1bb51f4c1c'),(434,'2022-09-22 15:53:02.000000','2023-01-22 15:58:38.363588','התלמידה נטלה חלק פעיל בשיעור שפה והשתתפה יפה במהלך השיעור.','educational','FEMALE','he',NULL,'167f8550-8763-11ed-a031-1c1bb51f4c1c'),(435,'2022-09-22 16:07:53.000000','2023-01-22 15:58:38.363588','התלמידה דאגה לאירגון וסידור ספריית בית הספר במסירות ובאחריות רבה.','other','FEMALE','he',NULL,'167f8550-8763-11ed-a031-1c1bb51f4c1c'),(436,'2022-09-22 16:08:13.000000','2023-01-22 15:58:38.363588','התלמיד דאג לאירגון וסידור ספריית בית הספר במסירות ובאחריות רבה.','other','MALE','he',NULL,'167f8550-8763-11ed-a031-1c1bb51f4c1c'),(441,'2022-10-24 18:48:36.000000','2023-01-22 15:58:38.363588','להורי איקס. בנכם נעים הליכות ובעל דרך ארץ. ממש כיף שהוא נמצא בכיתה','social','NONE','he',NULL,'167f8550-8763-11ed-a031-1c1bb51f4c1c'),(443,'2022-10-24 18:50:24.000000','2023-01-22 15:58:38.363588','יישר כח לאיקס על הלמידה בשיעור נביא. אשרי מי שעמלו בתורה','educational','NONE','he',NULL,'167f8550-8763-11ed-a031-1c1bb51f4c1c'),(444,'2022-10-24 18:52:08.000000','2023-01-22 15:58:38.363588','להורי איקס. בנכם נעים הליכות ובעל דרך ארץ. כיף כשהוא נמצא בכיתה','other','NONE','he',NULL,'167f8550-8763-11ed-a031-1c1bb51f4c1c'),(447,'2022-10-24 18:54:28.000000','2023-01-22 15:58:38.363588','להורי איקס. יש לכם ילד נעים הליכות עם דרך ארץ. תענוג שהוא בכיתה שלנו','other','NONE','he',NULL,'167f8550-8763-11ed-a031-1c1bb51f4c1c'),(448,'2022-10-24 18:57:02.000000','2023-01-22 15:58:38.363588','איקס היקר. אני מאוד שמח מלמידתך בשיעורים שלנו. המשך כך. שבוע טוב שיהיה לך','other','NONE','he',NULL,'167f8550-8763-11ed-a031-1c1bb51f4c1c'),(449,'2022-10-24 18:57:13.000000','2023-01-22 15:58:38.363588','איקס היקר. אני מאוד שמח מלמידתך בשיעורים שלנו. המשך כך. שבוע טוב שיהיה לך','educational','NONE','he',NULL,'167f8550-8763-11ed-a031-1c1bb51f4c1c'),(450,'2022-10-24 18:59:35.000000','2023-01-22 15:58:38.363588','איקס היקר יישר כח על למידה יפה ושינון המשניות בשיעור משנה. המשך כך!','educational','NONE','he',NULL,'167f8550-8763-11ed-a031-1c1bb51f4c1c'),(451,'2022-10-25 13:25:03.000000','2023-01-22 15:58:38.363588','יישר כח לאיקס על תפילת ראש חודש מתוקה. חודש טוב. עמית','other','NONE','he',NULL,'167f8550-8763-11ed-a031-1c1bb51f4c1c'),(452,'2022-10-27 05:00:12.000000','2023-01-22 15:58:38.363588','התלמיד מתפלל מתוך חשק ושמחה כל הכבוד לך !  ','educational','MALE','he',NULL,'167f8550-8763-11ed-a031-1c1bb51f4c1c'),(454,'2022-10-30 13:22:20.000000','2023-01-22 15:58:38.363588','התאמצת היום מאוד ולא ויתרת. כל הכבוד!!!','other','NONE','he',NULL,'167f8550-8763-11ed-a031-1c1bb51f4c1c'),(455,'2022-10-30 13:22:51.000000','2023-01-22 15:58:38.363588','התאמצת היום מאוד ולא ויתרת. כל הכבוד!!!','educational','NONE','he',NULL,'167f8550-8763-11ed-a031-1c1bb51f4c1c'),(456,'2022-11-03 06:22:48.000000','2023-01-22 15:58:38.363588','התלמיד מקפיד להתפלל בקול מתוך הסידור','educational','MALE','he',NULL,'167f8550-8763-11ed-a031-1c1bb51f4c1c'),(457,'2022-11-04 06:10:00.000000','2023-01-22 15:59:11.709470','התלמידה התפללה נפלא באופן מכבד ובקול נעים','social','FEMALE','he',NULL,'167f88d5-8763-11ed-a031-1c1bb51f4c1c'),(458,'2022-11-04 10:08:34.000000','2023-01-22 15:59:11.709470','התלמיד הנפלא קרא יפה בפני כל החברים את הסיפור שכתב בעצמו . אליפות  ','social','MALE','he',NULL,'167f88d5-8763-11ed-a031-1c1bb51f4c1c'),(459,'2022-11-07 06:54:31.000000','2023-01-22 15:59:11.709470','התלמידה הראתה דוגמא חסידית נאותה','other','FEMALE','he',NULL,'167f88d5-8763-11ed-a031-1c1bb51f4c1c'),(460,'2022-11-08 09:40:05.000000','2023-01-22 15:59:11.709470','תענוג גדול היה לראות את בנכם מתפלל הבוקר. בחשק ובשמחה. יהי רצון ויתקבלו תפילותיו לפני הקב\"ה','educational','NONE','he',NULL,'167f88d5-8763-11ed-a031-1c1bb51f4c1c'),(461,'2022-11-08 18:26:12.000000','2023-01-22 15:59:11.709470','התלמיד השתתף היום בשיעור בצורה יוצאת דופן','educational','MALE','he',NULL,'167f88d5-8763-11ed-a031-1c1bb51f4c1c'),(462,'2022-11-08 19:19:10.000000','2023-01-22 15:59:11.709470','כמה טוב שאת בערמונים','emotional','NONE','he',NULL,'167f88d5-8763-11ed-a031-1c1bb51f4c1c'),(464,'2022-11-09 18:40:19.000000','2023-01-22 15:59:11.709470','התלמידה למדה ברצינות בשיעור אנגלית היום. ישר כח!','educational','FEMALE','he',NULL,'167f88d5-8763-11ed-a031-1c1bb51f4c1c'),(465,'2022-11-10 13:40:04.000000','2023-01-22 15:59:11.709470','התלמידה השתתפה יפה היום בשיעור ופעלה בהתאם להוראות ','other','FEMALE','he',NULL,'167f88d5-8763-11ed-a031-1c1bb51f4c1c'),(466,'2022-11-13 07:35:27.000000','2023-01-22 15:59:11.709470',' התלמידה המקסימה התפללה היום בנחת ושמחה מתוך הסידור.יהי רצון שתפילתה תתקבל.','other','FEMALE','he',NULL,'167f88d5-8763-11ed-a031-1c1bb51f4c1c');
/*!40000 ALTER TABLE `preset_messages` ENABLE KEYS */;
UNLOCK TABLES;

--
-- Table structure for table `removed_preset_messages`
--

DROP TABLE IF EXISTS `removed_preset_messages`;
/*!40101 SET @saved_cs_client     = @@character_set_client */;
/*!50503 SET character_set_client = utf8mb4 */;
CREATE TABLE `removed_preset_messages` (
  `id` int NOT NULL AUTO_INCREMENT,
  `created` datetime(6) DEFAULT CURRENT_TIMESTAMP(6),
  `preset_message_id` int DEFAULT NULL,
  `teacher_id` varchar(36) DEFAULT NULL,
  PRIMARY KEY (`id`),
  KEY `FK_a689766acdaccf17c42be9d281f` (`preset_message_id`),
  KEY `FK_27d0f3881f160c4724c24646b05` (`teacher_id`),
  CONSTRAINT `FK_27d0f3881f160c4724c24646b05` FOREIGN KEY (`teacher_id`) REFERENCES `user` (`id`) ON DELETE CASCADE,
  CONSTRAINT `FK_a689766acdaccf17c42be9d281f` FOREIGN KEY (`preset_message_id`) REFERENCES `preset_messages` (`id`)
) ENGINE=InnoDB AUTO_INCREMENT=189 DEFAULT CHARSET=utf8mb4 COLLATE=utf8mb4_0900_ai_ci;
/*!40101 SET character_set_client = @saved_cs_client */;

--
-- Dumping data for table `removed_preset_messages`
--

LOCK TABLES `removed_preset_messages` WRITE;
/*!40000 ALTER TABLE `removed_preset_messages` DISABLE KEYS */;
/*!40000 ALTER TABLE `removed_preset_messages` ENABLE KEYS */;
UNLOCK TABLES;

--
-- Table structure for table `role`
--

DROP TABLE IF EXISTS `role`;
/*!40101 SET @saved_cs_client     = @@character_set_client */;
/*!50503 SET character_set_client = utf8mb4 */;
CREATE TABLE `role` (
  `id` int NOT NULL AUTO_INCREMENT,
  `name` varchar(20) NOT NULL,
  `description` varchar(255) NOT NULL,
  `roleKey` varchar(255) NOT NULL,
  PRIMARY KEY (`id`)
) ENGINE=InnoDB AUTO_INCREMENT=4 DEFAULT CHARSET=latin1;
/*!40101 SET character_set_client = @saved_cs_client */;

--
-- Dumping data for table `role`
--

LOCK TABLES `role` WRITE;
/*!40000 ALTER TABLE `role` DISABLE KEYS */;
INSERT INTO `role` VALUES (1,'TEACHER','teacher','miremerijfgivn238svnsdfsdf'),(2,'ADMIN','school principal','gmrkipgm$2300femkFSFKeo375'),(3,'SUPERADMIN','Hilma admin','spf%#kfpoFFAa2234adAA244asZZv');
/*!40000 ALTER TABLE `role` ENABLE KEYS */;
UNLOCK TABLES;

--
-- Table structure for table `school`
--

DROP TABLE IF EXISTS `school`;
/*!40101 SET @saved_cs_client     = @@character_set_client */;
/*!50503 SET character_set_client = utf8mb4 */;
CREATE TABLE `school` (
  `id` int NOT NULL AUTO_INCREMENT,
  `code` int DEFAULT NULL,
  `name` varchar(100) NOT NULL,
  `created` datetime(6) DEFAULT CURRENT_TIMESTAMP(6),
  PRIMARY KEY (`id`)
) ENGINE=InnoDB AUTO_INCREMENT=44 DEFAULT CHARSET=utf8mb3;
/*!40101 SET character_set_client = @saved_cs_client */;

--
-- Dumping data for table `school`
--

LOCK TABLES `school` WRITE;
/*!40000 ALTER TABLE `school` DISABLE KEYS */;
INSERT INTO `school` VALUES (1,420208,'חן השומרון','2022-12-29 12:26:09.716827'),(2,987654,'hilma','2022-12-29 12:26:09.716827');
/*!40000 ALTER TABLE `school` ENABLE KEYS */;
UNLOCK TABLES;

--
-- Table structure for table `sms`
--

DROP TABLE IF EXISTS `sms`;
/*!40101 SET @saved_cs_client     = @@character_set_client */;
/*!50503 SET character_set_client = utf8mb4 */;
CREATE TABLE `sms` (
  `id` int NOT NULL AUTO_INCREMENT,
  `schoolId` int DEFAULT NULL,
  `text` varchar(255) CHARACTER SET utf8mb4 COLLATE utf8mb4_unicode_ci NOT NULL,
  `status` tinyint NOT NULL,
  `parts` tinyint unsigned NOT NULL,
  PRIMARY KEY (`id`),
  KEY `FK_3759f97d39d3e61d7bd77a0c261` (`schoolId`),
  CONSTRAINT `FK_3759f97d39d3e61d7bd77a0c261` FOREIGN KEY (`schoolId`) REFERENCES `school` (`id`)
) ENGINE=InnoDB AUTO_INCREMENT=88360 DEFAULT CHARSET=utf8mb4 COLLATE=utf8mb4_unicode_ci;
/*!40101 SET character_set_client = @saved_cs_client */;

--
-- Dumping data for table `sms`
--

LOCK TABLES `sms` WRITE;
/*!40000 ALTER TABLE `sms` DISABLE KEYS */;
/*!40000 ALTER TABLE `sms` ENABLE KEYS */;
UNLOCK TABLES;

--
-- Table structure for table `sms_spam`
--

DROP TABLE IF EXISTS `sms_spam`;
/*!40101 SET @saved_cs_client     = @@character_set_client */;
/*!50503 SET character_set_client = utf8mb4 */;
CREATE TABLE `sms_spam` (
  `id` int NOT NULL AUTO_INCREMENT,
  `phone_number` varchar(15) NOT NULL,
  PRIMARY KEY (`id`),
  UNIQUE KEY `IDX_d82e5145eda9a2ca635afeff8c` (`phone_number`)
) ENGINE=InnoDB DEFAULT CHARSET=utf8mb4 COLLATE=utf8mb4_0900_ai_ci;
/*!40101 SET character_set_client = @saved_cs_client */;

--
-- Dumping data for table `sms_spam`
--

LOCK TABLES `sms_spam` WRITE;
/*!40000 ALTER TABLE `sms_spam` DISABLE KEYS */;
/*!40000 ALTER TABLE `sms_spam` ENABLE KEYS */;
UNLOCK TABLES;

--
-- Table structure for table `student_in_study_group`
--

DROP TABLE IF EXISTS `student_in_study_group`;
/*!40101 SET @saved_cs_client     = @@character_set_client */;
/*!50503 SET character_set_client = utf8mb4 */;
CREATE TABLE `student_in_study_group` (
  `studyGroupId` int NOT NULL,
  `studentsId` int NOT NULL,
  PRIMARY KEY (`studyGroupId`,`studentsId`),
  KEY `IDX_1a14b328e566586de9e045134a` (`studyGroupId`),
  KEY `IDX_c21d4b806343f1967567f881e8` (`studentsId`),
  CONSTRAINT `FK_1a14b328e566586de9e045134a2` FOREIGN KEY (`studyGroupId`) REFERENCES `study_group` (`id`) ON DELETE CASCADE ON UPDATE CASCADE,
  CONSTRAINT `FK_c21d4b806343f1967567f881e8a` FOREIGN KEY (`studentsId`) REFERENCES `students` (`id`)
) ENGINE=InnoDB DEFAULT CHARSET=utf8mb4 COLLATE=utf8mb4_0900_ai_ci;
/*!40101 SET character_set_client = @saved_cs_client */;

--
-- Dumping data for table `student_in_study_group`
--

LOCK TABLES `student_in_study_group` WRITE;
/*!40000 ALTER TABLE `student_in_study_group` DISABLE KEYS */;
INSERT INTO `student_in_study_group` VALUES (1,3466),(1,3467);
/*!40000 ALTER TABLE `student_in_study_group` ENABLE KEYS */;
UNLOCK TABLES;

--
-- Table structure for table `students`
--

DROP TABLE IF EXISTS `students`;
/*!40101 SET @saved_cs_client     = @@character_set_client */;
/*!50503 SET character_set_client = utf8mb4 */;
CREATE TABLE `students` (
  `id` int NOT NULL AUTO_INCREMENT,
  `created` datetime(6) DEFAULT CURRENT_TIMESTAMP(6),
  `modified` datetime(6) DEFAULT CURRENT_TIMESTAMP(6) ON UPDATE CURRENT_TIMESTAMP(6),
  `class_id` int DEFAULT NULL,
  `gp_count` tinyint unsigned DEFAULT NULL,
  `gender` enum('MALE','FEMALE','OTHER','NONE') DEFAULT NULL,
  `phone_number_1` varchar(14) CHARACTER SET utf8mb4 COLLATE utf8mb4_0900_ai_ci DEFAULT NULL,
  `phone_number_2` varchar(14) CHARACTER SET utf8mb4 COLLATE utf8mb4_0900_ai_ci DEFAULT NULL,
  `first_name` varchar(50) CHARACTER SET utf8mb4 COLLATE utf8mb4_0900_ai_ci DEFAULT NULL,
  `last_name` varchar(50) CHARACTER SET utf8mb4 COLLATE utf8mb4_0900_ai_ci DEFAULT NULL,
  `school_id` int DEFAULT NULL,
  `phone_number_3` varchar(14) CHARACTER SET utf8mb4 COLLATE utf8mb4_0900_ai_ci DEFAULT NULL,
  PRIMARY KEY (`id`),
  KEY `FK_de6ad4ae6936dce474e2823984e` (`class_id`),
  KEY `FK_aa8edc7905ad764f85924569647` (`school_id`),
  CONSTRAINT `FK_aa8edc7905ad764f85924569647` FOREIGN KEY (`school_id`) REFERENCES `school` (`id`),
  CONSTRAINT `FK_de6ad4ae6936dce474e2823984e` FOREIGN KEY (`class_id`) REFERENCES `classes` (`id`)
) ENGINE=InnoDB AUTO_INCREMENT=28415 DEFAULT CHARSET=utf8mb4 COLLATE=utf8mb4_0900_ai_ci;
/*!40101 SET character_set_client = @saved_cs_client */;

--
-- Dumping data for table `students`
--

LOCK TABLES `students` WRITE;
/*!40000 ALTER TABLE `students` DISABLE KEYS */;
INSERT INTO `students` VALUES (1,'2020-05-25 12:19:54.000000',NULL,1,1,'MALE','972525522172',NULL,'חיים','גולן',2,NULL),(2,'2020-05-25 13:36:36.000000',NULL,1,1,'FEMALE','972123456789','972123456789','עדי','בן שמואל',2,NULL),(3,'2020-05-26 10:26:57.000000','2023-01-29 15:48:42.332299',2,0,'MALE','972546969090',NULL,'ויזלי','פרד',2,NULL),(4,'2020-05-26 10:26:57.000000',NULL,6,0,'MALE','972546969090','972546969090','פוטר','סנייפ',2,NULL),(5,'2020-05-26 10:26:57.000000','2023-01-29 15:48:42.332299',2,0,'FEMALE','972546969090','972546969090','נעל','עדי',2,NULL),(7,'2020-05-26 10:26:57.000000','2023-01-29 15:48:42.332299',2,1,'FEMALE','972525522172','972546969090','בת תנוס','גמורה',2,NULL),(8,'2020-05-26 10:26:57.000000','2023-01-29 15:48:42.332299',2,0,'MALE','972546969090','972546969090','בן שמואל','טוני',2,NULL),(9,'2020-05-26 10:26:57.000000','2023-01-29 15:48:42.332299',2,0,'FEMALE','972546969090','972546969090','גרין','סוזי',2,NULL),(11,'2020-05-26 10:26:57.000000','2023-01-29 15:48:42.332299',2,0,'MALE','972546969090','972525522172','להיכנס','מנסה',2,NULL),(3466,'2021-09-19 09:19:22.000000','2023-02-09 15:21:31.000000',1,10,'MALE','972543123788','','מקסים','ביליק',1,NULL),(3467,'2021-09-19 09:19:22.000000','2023-02-14 15:36:23.000000',2,4,'MALE','972532311699','972526490540','איתן','סנצ\'ז',1,NULL),(3468,'2021-09-19 09:19:22.000000','2023-02-13 11:48:19.000000',1,10,'MALE','972528367365','972524643807','הדר','פוגל',1,NULL),(3469,'2021-09-19 09:19:23.000000','2023-02-12 10:05:54.000000',1,10,'MALE','972544980343','','רועי','פיקל',1,NULL),(3470,'2021-09-19 09:19:23.000000','2023-02-12 10:27:03.000000',1,13,'MALE','972508255882','972509308528','ליאל','צבי',1,NULL),(3471,'2021-09-19 09:19:23.000000','2023-02-12 10:07:00.000000',1,10,'MALE','972585295083','972586556569','יעקב','שורקי',1,NULL),(3472,'2021-09-19 09:19:23.000000','2023-02-15 11:28:59.000000',1,41,'MALE','972509339128','972509339129','יהודה','חלבה',1,NULL),(3473,'2021-09-19 09:19:23.000000','2023-02-15 11:31:40.000000',1,41,'MALE','972548378582','972526719714','אופק','מבורך',1,NULL),(3474,'2021-09-19 09:19:24.000000','2023-02-15 10:23:42.000000',1,10,'MALE','972532311699','972526490540','טיאגו','סנצ\'ז',1,NULL),(3475,'2021-09-19 09:19:24.000000','2023-02-12 10:06:35.000000',1,9,'MALE','972526333149','','שי','פרץ',1,NULL),(3476,'2021-09-19 09:19:24.000000','2023-02-13 11:03:56.000000',1,9,'MALE','972585397397','','מלאכי','קדוש',1,NULL),(3477,'2021-09-19 09:19:24.000000','2023-02-14 10:19:31.000000',1,33,'MALE','972585295083','972586556569','ליאם','שורקי',1,NULL),(3478,'2021-09-19 09:19:25.000000','2023-02-13 11:47:24.000000',1,9,'MALE','972543095143','972505973895','ליעוז','במברון',1,NULL),(3479,'2021-09-19 09:19:25.000000','2023-02-15 10:40:45.000000',1,10,'MALE','972528370140','972547907236','ליאם','דדון',1,NULL),(3480,'2021-09-19 09:19:25.000000','2023-02-14 10:35:09.000000',1,18,'MALE','972542549181','972505947441','שיאל','כהן',1,NULL),(3481,'2021-09-19 09:19:25.000000','2023-02-14 10:40:01.000000',1,11,'MALE','972584443003','','אימרי','לביא',1,NULL),(3482,'2021-09-19 09:19:25.000000','2023-02-14 12:08:31.000000',1,10,'MALE','972526298806','','אושר','מטלסקי',1,NULL),(3483,'2021-09-19 09:19:26.000000','2023-02-15 10:23:16.000000',1,10,'MALE','972528321203','','משה','פוגלמן',1,NULL),(3484,'2021-09-19 09:19:26.000000','2023-02-12 09:55:33.000000',1,9,'MALE','972552274255','972504944427','נועם','אדרי',1,NULL),(3485,'2021-09-19 09:19:26.000000','2023-02-13 11:48:04.000000',1,9,'MALE','972544451776','972544400968','אופיר','איתן',1,NULL),(3486,'2021-09-19 09:19:26.000000','2023-02-14 11:20:04.000000',1,15,'MALE','972523178058','972556622721','עומר','טחן',1,NULL),(3487,'2021-09-19 09:19:27.000000','2023-02-06 14:08:54.000000',1,12,'MALE','972525741471','972528771809','יצחק','כהן',1,NULL),(3488,'2021-09-19 09:19:27.000000','2023-02-12 10:05:09.000000',1,8,'MALE','972506403360','972503072849','אברהם','כספי',1,NULL),(3489,'2021-09-19 09:19:27.000000','2023-02-12 10:05:35.000000',1,8,'MALE','972547399296','','עדי','אגם',1,NULL),(3491,'2021-09-19 09:19:27.000000','2023-02-09 11:44:05.000000',1,10,'MALE','972544760120','972546957158','אהרון','כהן',1,NULL),(3492,'2021-09-19 09:19:28.000000','2023-02-12 10:04:59.000000',1,10,'MALE','972525461009','','עדיאל','עדוי',1,NULL),(3493,'2021-09-19 09:19:28.000000','2023-02-12 10:06:18.000000',1,9,'MALE','972545996511','972587846630','אריה','פשטיק',1,NULL),(3494,'2021-09-19 09:19:28.000000','2023-02-09 16:04:28.000000',1,9,'MALE','972542487998','','לביא','שחק',1,NULL);
/*!40000 ALTER TABLE `students` ENABLE KEYS */;
UNLOCK TABLES;

--
-- Table structure for table `study_group`
--

DROP TABLE IF EXISTS `study_group`;
/*!40101 SET @saved_cs_client     = @@character_set_client */;
/*!50503 SET character_set_client = utf8mb4 */;
CREATE TABLE `study_group` (
  `id` int NOT NULL AUTO_INCREMENT,
  `created` datetime(6) DEFAULT CURRENT_TIMESTAMP(6),
  `modified` datetime(6) DEFAULT CURRENT_TIMESTAMP(6) ON UPDATE CURRENT_TIMESTAMP(6),
  `name` varchar(255) NOT NULL,
  `school_id` int DEFAULT NULL,
  `teacher_id` varchar(255) DEFAULT NULL,
  PRIMARY KEY (`id`),
  KEY `FK_516354a21459cbd381b26881a26` (`school_id`),
  KEY `FK_7186e4dbd1838ae10213694abfe` (`teacher_id`),
  CONSTRAINT `FK_516354a21459cbd381b26881a26` FOREIGN KEY (`school_id`) REFERENCES `school` (`id`),
  CONSTRAINT `FK_7186e4dbd1838ae10213694abfe` FOREIGN KEY (`teacher_id`) REFERENCES `user` (`id`)
) ENGINE=InnoDB AUTO_INCREMENT=2 DEFAULT CHARSET=utf8mb4 COLLATE=utf8mb4_0900_ai_ci;
/*!40101 SET character_set_client = @saved_cs_client */;

--
-- Dumping data for table `study_group`
--

LOCK TABLES `study_group` WRITE;
/*!40000 ALTER TABLE `study_group` DISABLE KEYS */;
INSERT INTO `study_group` VALUES (1,'2023-02-05 16:47:18.736897','2023-02-15 18:31:45.880286','מתמטיקה',1,'167f840d-8763-11ed-a031-1c1bb51f4c1c');
/*!40000 ALTER TABLE `study_group` ENABLE KEYS */;
UNLOCK TABLES;

--
-- Table structure for table `teacher_classes`
--

DROP TABLE IF EXISTS `teacher_classes`;
/*!40101 SET @saved_cs_client     = @@character_set_client */;
/*!50503 SET character_set_client = utf8mb4 */;
CREATE TABLE `teacher_classes` (
  `classesId` int NOT NULL,
  `userId` varchar(36) NOT NULL,
  PRIMARY KEY (`classesId`,`userId`),
  KEY `IDX_27d48770db7c0bfbb2817c3757` (`classesId`),
  KEY `IDX_57c5209040e29017a723269d18` (`userId`),
  CONSTRAINT `FK_27d48770db7c0bfbb2817c37574` FOREIGN KEY (`classesId`) REFERENCES `classes` (`id`) ON DELETE CASCADE ON UPDATE CASCADE,
  CONSTRAINT `FK_57c5209040e29017a723269d18e` FOREIGN KEY (`userId`) REFERENCES `user` (`id`) ON DELETE CASCADE ON UPDATE CASCADE
) ENGINE=InnoDB DEFAULT CHARSET=utf8mb4 COLLATE=utf8mb4_0900_ai_ci;
/*!40101 SET character_set_client = @saved_cs_client */;

--
-- Dumping data for table `teacher_classes`
--

LOCK TABLES `teacher_classes` WRITE;
/*!40000 ALTER TABLE `teacher_classes` DISABLE KEYS */;
INSERT INTO `teacher_classes` VALUES (1,'167f865c-8763-11ed-a031-1c1bb51f4c1c'),(2,'167f865c-8763-11ed-a031-1c1bb51f4c1c'),(3,'167f865c-8763-11ed-a031-1c1bb51f4c1c'),(4,'167f865c-8763-11ed-a031-1c1bb51f4c1c'),(6,'167f840d-8763-11ed-a031-1c1bb51f4c1c'),(14,'167f840d-8763-11ed-a031-1c1bb51f4c1c'),(14,'167f865c-8763-11ed-a031-1c1bb51f4c1c'),(15,'167f840d-8763-11ed-a031-1c1bb51f4c1c'),(15,'167f865c-8763-11ed-a031-1c1bb51f4c1c'),(17,'167f865c-8763-11ed-a031-1c1bb51f4c1c'),(163,'167f865c-8763-11ed-a031-1c1bb51f4c1c'),(164,'167f865c-8763-11ed-a031-1c1bb51f4c1c'),(166,'167f865c-8763-11ed-a031-1c1bb51f4c1c'),(916,'167f840d-8763-11ed-a031-1c1bb51f4c1c'),(917,'167f840d-8763-11ed-a031-1c1bb51f4c1c');
/*!40000 ALTER TABLE `teacher_classes` ENABLE KEYS */;
UNLOCK TABLES;

--
-- Table structure for table `teacher_starred_study_group`
--

DROP TABLE IF EXISTS `teacher_starred_study_group`;
/*!40101 SET @saved_cs_client     = @@character_set_client */;
/*!50503 SET character_set_client = utf8mb4 */;
CREATE TABLE `teacher_starred_study_group` (
  `userId` varchar(36) NOT NULL,
  `studyGroupId` int NOT NULL,
  PRIMARY KEY (`userId`,`studyGroupId`),
  KEY `IDX_c26834a270629fe2b2051c6c83` (`userId`),
  KEY `IDX_e667de1ecce36c36297eebe26a` (`studyGroupId`),
  CONSTRAINT `FK_c26834a270629fe2b2051c6c832` FOREIGN KEY (`userId`) REFERENCES `user` (`id`) ON DELETE CASCADE ON UPDATE CASCADE,
  CONSTRAINT `FK_e667de1ecce36c36297eebe26ad` FOREIGN KEY (`studyGroupId`) REFERENCES `study_group` (`id`)
) ENGINE=InnoDB DEFAULT CHARSET=utf8mb4 COLLATE=utf8mb4_0900_ai_ci;
/*!40101 SET character_set_client = @saved_cs_client */;

--
-- Dumping data for table `teacher_starred_study_group`
--

LOCK TABLES `teacher_starred_study_group` WRITE;
/*!40000 ALTER TABLE `teacher_starred_study_group` DISABLE KEYS */;
INSERT INTO `teacher_starred_study_group` VALUES ('167f865c-8763-11ed-a031-1c1bb51f4c1c',1);
/*!40000 ALTER TABLE `teacher_starred_study_group` ENABLE KEYS */;
UNLOCK TABLES;

--
-- Table structure for table `teachers_good_points`
--

DROP TABLE IF EXISTS `teachers_good_points`;
/*!40101 SET @saved_cs_client     = @@character_set_client */;
/*!50503 SET character_set_client = utf8mb4 */;
CREATE TABLE `teachers_good_points` (
  `id` int NOT NULL AUTO_INCREMENT,
  `created` datetime(6) DEFAULT CURRENT_TIMESTAMP(6),
  `modified` datetime(6) DEFAULT CURRENT_TIMESTAMP(6) ON UPDATE CURRENT_TIMESTAMP(6),
  `text` varchar(255) NOT NULL,
  `gp_link_hash` varchar(100) DEFAULT NULL,
  `school_id` int DEFAULT NULL,
  `sender_id` varchar(36) DEFAULT NULL,
  `receiver_id` varchar(36) DEFAULT NULL,
  `reaction` enum('Happy','SAD','BLANK','EMPTY_FROM_THE_INSIDE') NOT NULL,
  PRIMARY KEY (`id`),
  KEY `FK_c749a47e20a9a261cbd57063b44` (`school_id`),
  KEY `FK_84e8903240a901a20a6fa37df9e` (`sender_id`),
  KEY `FK_8f12643bd6cd68c95580c162967` (`receiver_id`),
  CONSTRAINT `FK_84e8903240a901a20a6fa37df9e` FOREIGN KEY (`sender_id`) REFERENCES `user` (`id`) ON DELETE SET NULL,
  CONSTRAINT `FK_8f12643bd6cd68c95580c162967` FOREIGN KEY (`receiver_id`) REFERENCES `user` (`id`) ON DELETE SET NULL,
  CONSTRAINT `FK_c749a47e20a9a261cbd57063b44` FOREIGN KEY (`school_id`) REFERENCES `school` (`id`)
) ENGINE=InnoDB AUTO_INCREMENT=70 DEFAULT CHARSET=utf8mb4 COLLATE=utf8mb4_0900_ai_ci;
/*!40101 SET character_set_client = @saved_cs_client */;

--
-- Dumping data for table `teachers_good_points`
--

LOCK TABLES `teachers_good_points` WRITE;
/*!40000 ALTER TABLE `teachers_good_points` DISABLE KEYS */;
INSERT INTO `teachers_good_points` VALUES (1,'2023-02-07 10:20:48.055290','2023-02-07 10:20:48.055290','הארי אתה נהדר!','1234567',1,'167f865c-8763-11ed-a031-1c1bb51f4c1c',NULL,'Happy'),(2,'2023-02-07 10:21:10.967783','2023-02-07 10:21:10.967783','הארי אתה נהדר!','1234567',1,'167f865c-8763-11ed-a031-1c1bb51f4c1c',NULL,'Happy'),(4,'2023-02-07 10:22:36.177004','2023-02-07 10:22:36.177004','הארי אתה נהדר!','1234567',1,'167f865c-8763-11ed-a031-1c1bb51f4c1c',NULL,'Happy'),(5,'2023-02-07 10:23:19.702720','2023-02-07 10:23:19.702720','הארי אתה נהדר!','1234567',1,'167f865c-8763-11ed-a031-1c1bb51f4c1c',NULL,'Happy'),(6,'2023-02-07 10:25:59.691239','2023-02-07 10:25:59.691239','הארי אתה מקסים!!','9876543',1,'167f8550-8763-11ed-a031-1c1bb51f4c1c',NULL,'Happy'),(7,'2023-02-07 10:26:02.076329','2023-02-07 10:26:02.076329','הארי אתה מקסים!!','9876543',1,'167f8550-8763-11ed-a031-1c1bb51f4c1c',NULL,'Happy'),(8,'2023-02-07 11:30:54.717847','2023-02-07 11:30:54.717847','הארי אתה מקסים!!','9876543',1,'167f8550-8763-11ed-a031-1c1bb51f4c1c',NULL,'Happy'),(9,'2023-02-07 11:30:55.373820','2023-02-07 11:30:55.373820','הארי אתה מקסים!!','9876543',1,'167f8550-8763-11ed-a031-1c1bb51f4c1c',NULL,'Happy'),(10,'2023-02-07 11:30:55.892089','2023-02-07 11:30:55.892089','הארי אתה מקסים!!','9876543',1,'167f8550-8763-11ed-a031-1c1bb51f4c1c',NULL,'Happy'),(11,'2023-02-07 11:30:56.429833','2023-02-07 11:30:56.429833','הארי אתה מקסים!!','9876543',1,'167f8550-8763-11ed-a031-1c1bb51f4c1c',NULL,'Happy'),(12,'2023-02-07 11:31:21.339016','2023-02-07 11:31:21.339016','הארי אתה נהדר!','1234567',1,'167f865c-8763-11ed-a031-1c1bb51f4c1c',NULL,'Happy'),(13,'2023-02-07 11:31:24.301869','2023-02-07 11:31:24.301869','הארי אתה נהדר!','1234567',1,'167f865c-8763-11ed-a031-1c1bb51f4c1c',NULL,'Happy'),(14,'2023-02-07 11:41:24.213674','2023-02-07 11:41:24.213674','הארי אתה נהדר!','1234567',1,'167f865c-8763-11ed-a031-1c1bb51f4c1c',NULL,'Happy'),(15,'2023-02-07 11:41:29.093537','2023-02-07 11:41:29.093537','הארי אתה נהדר!','1234567',1,'167f865c-8763-11ed-a031-1c1bb51f4c1c',NULL,'Happy'),(16,'2023-02-07 14:55:45.719375','2023-02-07 14:55:45.719375','רון אתה אלוף!','1234567',1,'167f840d-8763-11ed-a031-1c1bb51f4c1c',NULL,'Happy'),(17,'2023-02-07 14:55:47.623583','2023-02-07 14:55:47.623583','רון אתה אלוף!','1234567',1,'167f840d-8763-11ed-a031-1c1bb51f4c1c',NULL,'Happy'),(18,'2023-02-07 16:09:24.637483','2023-02-07 16:09:24.637483','נסיון ראשון','c1fecdd',1,'167f865c-8763-11ed-a031-1c1bb51f4c1c',NULL,'Happy'),(19,'2023-02-07 16:09:39.471525','2023-02-07 16:09:39.471525','שימי לב!!','3617632',1,'167f865c-8763-11ed-a031-1c1bb51f4c1c',NULL,'Happy'),(20,'2023-02-09 09:23:42.303445','2023-02-09 09:23:42.303445','כל הכבוד על עבודתך המסורה','9dee730',1,'167f865c-8763-11ed-a031-1c1bb51f4c1c',NULL,'Happy'),(21,'2023-02-09 09:39:44.551962','2023-02-09 09:39:44.551962','הרמיוני את אלופה','eb2ccb6',1,'167f865c-8763-11ed-a031-1c1bb51f4c1c',NULL,'Happy'),(22,'2023-02-09 17:00:09.577681','2023-02-12 15:42:09.925164','מוזר מאוד','d5633bc',1,'167f865c-8763-11ed-a031-1c1bb51f4c1c','167f840d-8763-11ed-a031-1c1bb51f4c1c','Happy'),(23,'2023-02-09 17:02:29.910980','2023-02-09 17:02:29.910980','זה מאוד מוזר שאין הודעות','f57cc72',1,'167f865c-8763-11ed-a031-1c1bb51f4c1c','167f8550-8763-11ed-a031-1c1bb51f4c1c','Happy'),(24,'2023-02-09 17:02:40.207513','2023-02-09 17:02:40.207513','??','ef6e43f',1,'167f865c-8763-11ed-a031-1c1bb51f4c1c','167f8550-8763-11ed-a031-1c1bb51f4c1c','Happy'),(25,'2023-02-09 17:03:30.417665','2023-02-09 17:03:30.417665','               ','82cea5c',1,'167f865c-8763-11ed-a031-1c1bb51f4c1c','167f8550-8763-11ed-a031-1c1bb51f4c1c','Happy'),(26,'2023-02-09 17:07:05.757075','2023-02-12 10:56:25.021707','בדיקה','e62d16d',1,'167f865c-8763-11ed-a031-1c1bb51f4c1c','167f840d-8763-11ed-a031-1c1bb51f4c1c','Happy'),(27,'2023-02-12 13:06:38.262281','2023-02-12 15:44:17.291604','123','f3861a1',1,'167f865c-8763-11ed-a031-1c1bb51f4c1c','167f840d-8763-11ed-a031-1c1bb51f4c1c','Happy'),(28,'2023-02-12 13:07:30.284743','2023-02-12 13:07:30.284743','987','6aa9366',1,'167f865c-8763-11ed-a031-1c1bb51f4c1c','167f8550-8763-11ed-a031-1c1bb51f4c1c','Happy'),(29,'2023-02-12 13:07:39.088445','2023-02-12 15:37:17.629075','בדיקה','5e48eca',1,'167f865c-8763-11ed-a031-1c1bb51f4c1c','167f840d-8763-11ed-a031-1c1bb51f4c1c','Happy'),(30,'2023-02-12 16:24:05.683744','2023-02-12 16:24:05.683744','test','3d55212',1,'167f865c-8763-11ed-a031-1c1bb51f4c1c','167f875f-8763-11ed-a031-1c1bb51f4c1c','Happy'),(31,'2023-02-12 09:59:43.264201','2023-02-12 09:59:43.264201','gdfgdfgdfgdfgdfgdf','05649ed',1,'167f865c-8763-11ed-a031-1c1bb51f4c1c','167f875f-8763-11ed-a031-1c1bb51f4c1c','Happy'),(32,'2023-02-12 17:58:00.412075','2023-02-12 17:58:00.412075','321','ba80cfd',1,'167f865c-8763-11ed-a031-1c1bb51f4c1c','167f875f-8763-11ed-a031-1c1bb51f4c1c','Happy'),(33,'2023-02-12 17:59:34.434660','2023-02-12 17:59:34.434660','987','ab04136',1,'167f865c-8763-11ed-a031-1c1bb51f4c1c','167f840d-8763-11ed-a031-1c1bb51f4c1c','Happy'),(34,'2023-02-12 18:00:25.927941','2023-02-12 18:00:25.927941','michal','9b11a48',1,'167f865c-8763-11ed-a031-1c1bb51f4c1c','167f8550-8763-11ed-a031-1c1bb51f4c1c','Happy'),(35,'2023-02-13 09:45:06.065074','2023-02-13 09:45:06.065074','מה נשמע?','c96e52c',1,'167f865c-8763-11ed-a031-1c1bb51f4c1c','167f8550-8763-11ed-a031-1c1bb51f4c1c','Happy'),(36,'2023-02-13 09:46:12.214635','2023-02-13 09:46:12.214635','היוש','3cfa542',1,'167f865c-8763-11ed-a031-1c1bb51f4c1c','167f840d-8763-11ed-a031-1c1bb51f4c1c','Happy'),(37,'2023-02-13 09:55:26.540699','2023-02-13 09:55:26.540699','123','fd91e23',1,'167f865c-8763-11ed-a031-1c1bb51f4c1c','167f840d-8763-11ed-a031-1c1bb51f4c1c','Happy'),(38,'2023-02-13 09:55:33.053859','2023-02-13 09:55:33.053859','321','818c1c4',1,'167f865c-8763-11ed-a031-1c1bb51f4c1c','167f8550-8763-11ed-a031-1c1bb51f4c1c','Happy'),(39,'2023-02-13 11:17:11.720246','2023-02-13 11:17:11.720246','987','0971c42',1,'167f865c-8763-11ed-a031-1c1bb51f4c1c','167f840d-8763-11ed-a031-1c1bb51f4c1c','Happy'),(40,'2023-02-13 11:17:35.212975','2023-02-13 11:17:35.212975','444','68ea0ee',1,'167f865c-8763-11ed-a031-1c1bb51f4c1c','167f840d-8763-11ed-a031-1c1bb51f4c1c','Happy'),(41,'2023-02-13 11:17:45.921363','2023-02-13 11:17:45.921363','אמאלה','0b95d1f',1,'167f865c-8763-11ed-a031-1c1bb51f4c1c','167f8550-8763-11ed-a031-1c1bb51f4c1c','Happy'),(42,'2023-02-13 11:18:58.788729','2023-02-13 11:18:58.788729','777','5122946',1,'167f865c-8763-11ed-a031-1c1bb51f4c1c','167f840d-8763-11ed-a031-1c1bb51f4c1c','Happy'),(43,'2023-02-13 11:19:24.299905','2023-02-13 11:19:24.299905','888','702491e',1,'167f865c-8763-11ed-a031-1c1bb51f4c1c','167f840d-8763-11ed-a031-1c1bb51f4c1c','Happy'),(44,'2023-02-13 11:19:56.398716','2023-02-13 11:19:56.398716','222','8887c10',1,'167f865c-8763-11ed-a031-1c1bb51f4c1c','167f840d-8763-11ed-a031-1c1bb51f4c1c','Happy'),(45,'2023-02-13 11:21:04.298338','2023-02-13 11:21:04.298338','עככחעכעעח','73d70a8',1,'167f865c-8763-11ed-a031-1c1bb51f4c1c','167f840d-8763-11ed-a031-1c1bb51f4c1c','Happy'),(46,'2023-02-13 11:22:08.168954','2023-02-13 11:22:08.168954','דגכגדכ','4c75bf6',1,'167f865c-8763-11ed-a031-1c1bb51f4c1c','167f875f-8763-11ed-a031-1c1bb51f4c1c','Happy'),(47,'2023-02-13 11:22:55.073729','2023-02-13 11:22:55.073729','חהח ה','e3a5578',1,'167f865c-8763-11ed-a031-1c1bb51f4c1c','167f840d-8763-11ed-a031-1c1bb51f4c1c','Happy'),(48,'2023-02-13 11:47:03.057533','2023-02-13 11:47:03.057533','555','f09a3ac',1,'167f865c-8763-11ed-a031-1c1bb51f4c1c','167f840d-8763-11ed-a031-1c1bb51f4c1c','Happy'),(49,'2023-02-13 11:47:12.499813','2023-02-13 11:47:12.499813','test','def372c',1,'167f865c-8763-11ed-a031-1c1bb51f4c1c','167f840d-8763-11ed-a031-1c1bb51f4c1c','Happy'),(50,'2023-02-13 11:48:45.285055','2023-02-13 11:48:45.285055','אוקי','c2e8367',1,'167f865c-8763-11ed-a031-1c1bb51f4c1c','167f840d-8763-11ed-a031-1c1bb51f4c1c','Happy'),(51,'2023-02-13 12:36:24.353756','2023-02-13 12:36:24.353756','987','8ec8415',1,'167f865c-8763-11ed-a031-1c1bb51f4c1c','167f8550-8763-11ed-a031-1c1bb51f4c1c','Happy'),(52,'2023-02-13 14:47:37.991059','2023-02-13 14:47:37.991059','נכון????','591d5a9',1,'167f865c-8763-11ed-a031-1c1bb51f4c1c','167f840d-8763-11ed-a031-1c1bb51f4c1c','Happy'),(53,'2023-02-13 14:56:01.346920','2023-02-13 14:56:01.346920','2222','fab149c',1,'167f865c-8763-11ed-a031-1c1bb51f4c1c','167f875f-8763-11ed-a031-1c1bb51f4c1c','Happy'),(54,'2023-02-13 15:16:39.516472','2023-02-13 15:16:39.516472','987',NULL,1,'167f865c-8763-11ed-a031-1c1bb51f4c1c','167f840d-8763-11ed-a031-1c1bb51f4c1c','Happy'),(55,'2023-02-15 10:36:05.689492','2023-02-15 10:36:05.689492','123',NULL,1,'167f865c-8763-11ed-a031-1c1bb51f4c1c','167f840d-8763-11ed-a031-1c1bb51f4c1c','Happy'),(56,'2023-02-15 11:03:49.429035','2023-02-15 11:03:49.429035','ניכר שזה בסדר',NULL,1,'167f865c-8763-11ed-a031-1c1bb51f4c1c','167f840d-8763-11ed-a031-1c1bb51f4c1c','Happy'),(57,'2023-02-15 11:04:05.092029','2023-02-15 11:04:05.092029','שיט אולי לא',NULL,1,'167f865c-8763-11ed-a031-1c1bb51f4c1c','167f840d-8763-11ed-a031-1c1bb51f4c1c','Happy'),(58,'2023-02-15 11:04:36.978720','2023-02-15 11:04:36.978720','123',NULL,1,'167f865c-8763-11ed-a031-1c1bb51f4c1c','167f840d-8763-11ed-a031-1c1bb51f4c1c','Happy'),(59,'2023-02-15 11:05:07.763877','2023-02-15 11:05:07.763877','987',NULL,1,'167f865c-8763-11ed-a031-1c1bb51f4c1c','167f840d-8763-11ed-a031-1c1bb51f4c1c','Happy'),(60,'2023-02-15 11:05:22.288693','2023-02-15 11:05:22.288693','123',NULL,1,'167f865c-8763-11ed-a031-1c1bb51f4c1c','167f840d-8763-11ed-a031-1c1bb51f4c1c','Happy'),(61,'2023-02-15 11:08:02.178672','2023-02-15 11:08:02.178672','789',NULL,1,'167f865c-8763-11ed-a031-1c1bb51f4c1c','167f840d-8763-11ed-a031-1c1bb51f4c1c','Happy'),(62,'2023-02-15 11:08:38.698938','2023-02-15 11:08:38.698938','987',NULL,1,'167f865c-8763-11ed-a031-1c1bb51f4c1c','167f840d-8763-11ed-a031-1c1bb51f4c1c','Happy'),(63,'2023-02-15 11:10:39.367808','2023-02-15 11:10:39.367808','123',NULL,1,'167f865c-8763-11ed-a031-1c1bb51f4c1c','167f840d-8763-11ed-a031-1c1bb51f4c1c','Happy'),(64,'2023-02-15 11:16:17.074930','2023-02-15 11:16:17.074930','123',NULL,1,'167f865c-8763-11ed-a031-1c1bb51f4c1c','167f840d-8763-11ed-a031-1c1bb51f4c1c','Happy'),(65,'2023-02-15 11:16:48.677994','2023-02-15 11:16:48.677994','ניכר שזה כן עובד. האמנם?',NULL,1,'167f865c-8763-11ed-a031-1c1bb51f4c1c','167f840d-8763-11ed-a031-1c1bb51f4c1c','Happy'),(66,'2023-02-15 11:16:55.778886','2023-02-15 11:16:55.778886','ישש',NULL,1,'167f865c-8763-11ed-a031-1c1bb51f4c1c','167f875f-8763-11ed-a031-1c1bb51f4c1c','Happy'),(67,'2023-02-15 11:36:25.289414','2023-02-15 11:36:25.289414','במרחר נגיעה מכאן',NULL,1,'167f865c-8763-11ed-a031-1c1bb51f4c1c','167f840d-8763-11ed-a031-1c1bb51f4c1c','Happy'),(68,'2023-02-15 11:44:36.706632','2023-02-15 11:44:36.706632','123',NULL,1,'167f865c-8763-11ed-a031-1c1bb51f4c1c','167f840d-8763-11ed-a031-1c1bb51f4c1c','Happy'),(69,'2023-02-15 14:51:23.986051','2023-02-15 14:51:23.986051','123',NULL,1,'167f865c-8763-11ed-a031-1c1bb51f4c1c','167f840d-8763-11ed-a031-1c1bb51f4c1c','Happy');
/*!40000 ALTER TABLE `teachers_good_points` ENABLE KEYS */;
UNLOCK TABLES;

--
-- Table structure for table `two_factor`
--

DROP TABLE IF EXISTS `two_factor`;
/*!40101 SET @saved_cs_client     = @@character_set_client */;
/*!50503 SET character_set_client = utf8mb4 */;
CREATE TABLE `two_factor` (
  `id` int NOT NULL AUTO_INCREMENT,
  `code` varchar(255) DEFAULT NULL,
  `attempt` tinyint unsigned NOT NULL DEFAULT '0',
  `code_created_date` timestamp(6) NULL DEFAULT NULL,
  `user_blocked_date` timestamp(6) NULL DEFAULT NULL,
  `user_id` varchar(36) NOT NULL,
  PRIMARY KEY (`id`),
  UNIQUE KEY `REL_162c7f53b41b84102a8e06eff1` (`user_id`),
  CONSTRAINT `FK_162c7f53b41b84102a8e06eff18` FOREIGN KEY (`user_id`) REFERENCES `user` (`id`)
) ENGINE=InnoDB DEFAULT CHARSET=utf8mb4 COLLATE=utf8mb4_0900_ai_ci;
/*!40101 SET character_set_client = @saved_cs_client */;

--
-- Dumping data for table `two_factor`
--

LOCK TABLES `two_factor` WRITE;
/*!40000 ALTER TABLE `two_factor` DISABLE KEYS */;
/*!40000 ALTER TABLE `two_factor` ENABLE KEYS */;
UNLOCK TABLES;

--
-- Table structure for table `user`
--

DROP TABLE IF EXISTS `user`;
/*!40101 SET @saved_cs_client     = @@character_set_client */;
/*!50503 SET character_set_client = utf8mb4 */;
CREATE TABLE `user` (
  `password` varchar(255) DEFAULT NULL,
  `username` varchar(255) NOT NULL,
  `gender` enum('MALE','FEMALE','OTHER','NONE') DEFAULT NULL,
  `first_name` varchar(50) DEFAULT NULL,
  `last_name` varchar(50) DEFAULT NULL,
  `preferences` varchar(255) DEFAULT '{}',
  `created` datetime(6) NOT NULL DEFAULT CURRENT_TIMESTAMP(6),
  `id` varchar(36) NOT NULL,
  `type` varchar(255) NOT NULL,
  `updated` datetime(6) NOT NULL DEFAULT CURRENT_TIMESTAMP(6) ON UPDATE CURRENT_TIMESTAMP(6),
  `preferredLanguage` enum('he','ar') DEFAULT 'he',
  PRIMARY KEY (`id`),
  UNIQUE KEY `IDX_78a916df40e02a9deb1c4b75ed` (`username`),
  KEY `IDX_31ef2b4d30675d0c15056b7f6e` (`type`)
) ENGINE=InnoDB DEFAULT CHARSET=utf8mb4 COLLATE=utf8mb4_0900_ai_ci;
/*!40101 SET character_set_client = @saved_cs_client */;

--
-- Dumping data for table `user`
--

LOCK TABLES `user` WRITE;
/*!40000 ALTER TABLE `user` DISABLE KEYS */;
INSERT INTO `user` VALUES ('$2b$10$nRNn3/xXxF8TzsraOUAdL.9doclFXdbvHjTpKPbqzmr4jZ6hHCzvO','harry@ms.com','MALE','הארי','פוטר','{\"firstLogin\":false,\"firstAdminLogin\":false,\"firstOpeningSentences\":false}','2020-12-29 15:59:31.240693','167f840d-8763-11ed-a031-1c1bb51f4c1c','staff','2023-02-15 15:22:57.000000','he'),('$2b$10$nRNn3/xXxF8TzsraOUAdL.9doclFXdbvHjTpKPbqzmr4jZ6hHCzvO','hermione@ms.com','FEMALE','הרמיוני','גריינגר','{}','2020-12-29 15:59:31.240693','167f8550-8763-11ed-a031-1c1bb51f4c1c','staff','2023-02-13 14:43:05.000000','ar'),('$2b$10$nRNn3/xXxF8TzsraOUAdL.9doclFXdbvHjTpKPbqzmr4jZ6hHCzvO','ron@ms.com','MALE','רון','וויזלי','{\"firstLogin\":false,\"firstAdminLogin\":false,\"firstOpeningSentences\":false}','2020-12-29 15:59:31.240693','167f865c-8763-11ed-a031-1c1bb51f4c1c','staff','2022-12-29 12:26:09.674848','he'),('$2b$10$nRNn3/xXxF8TzsraOUAdL.9doclFXdbvHjTpKPbqzmr4jZ6hHCzvO','bellatrix@ms.com','FEMALE','בלטריקס','לסטריינג','{}','2020-12-29 15:59:31.240693','167f875f-8763-11ed-a031-1c1bb51f4c1c','staff','2023-02-13 14:56:22.000000','he'),('$2b$10$nRNn3/xXxF8TzsraOUAdL.9doclFXdbvHjTpKPbqzmr4jZ6hHCzvO','tom@ms.com','MALE','טום','רידל','{\"firstLogin\":false,\"firstAdminLogin\":false,\"firstOpeningSentences\":false}','2020-12-29 15:59:31.240693','167f88d5-8763-11ed-a031-1c1bb51f4c1c','staff','2022-12-29 12:26:09.674848','he');
/*!40000 ALTER TABLE `user` ENABLE KEYS */;
UNLOCK TABLES;

--
-- Table structure for table `user_password`
--

DROP TABLE IF EXISTS `user_password`;
/*!40101 SET @saved_cs_client     = @@character_set_client */;
/*!50503 SET character_set_client = utf8mb4 */;
CREATE TABLE `user_password` (
  `id` int NOT NULL AUTO_INCREMENT,
  `password` varchar(255) NOT NULL,
  `userId` varchar(36) DEFAULT NULL,
  `created` datetime(6) NOT NULL DEFAULT CURRENT_TIMESTAMP(6),
  PRIMARY KEY (`id`),
  KEY `FK_3e755bee2cdcee50a9e742776d8` (`userId`),
  CONSTRAINT `FK_3e755bee2cdcee50a9e742776d8` FOREIGN KEY (`userId`) REFERENCES `user` (`id`)
) ENGINE=InnoDB AUTO_INCREMENT=2048 DEFAULT CHARSET=utf8mb4 COLLATE=utf8mb4_0900_ai_ci;
/*!40101 SET character_set_client = @saved_cs_client */;

--
-- Dumping data for table `user_password`
--

LOCK TABLES `user_password` WRITE;
/*!40000 ALTER TABLE `user_password` DISABLE KEYS */;
/*!40000 ALTER TABLE `user_password` ENABLE KEYS */;
UNLOCK TABLES;

--
-- Table structure for table `user_role`
--

DROP TABLE IF EXISTS `user_role`;
/*!40101 SET @saved_cs_client     = @@character_set_client */;
/*!50503 SET character_set_client = utf8mb4 */;
CREATE TABLE `user_role` (
  `role_id` int NOT NULL,
  `user_id` varchar(36) NOT NULL,
  PRIMARY KEY (`role_id`,`user_id`),
  KEY `IDX_d0e5815877f7395a198a4cb0a4` (`user_id`),
  KEY `IDX_32a6fc2fcb019d8e3a8ace0f55` (`role_id`),
  CONSTRAINT `FK_32a6fc2fcb019d8e3a8ace0f55f` FOREIGN KEY (`role_id`) REFERENCES `role` (`id`) ON DELETE CASCADE ON UPDATE CASCADE,
  CONSTRAINT `FK_d0e5815877f7395a198a4cb0a46` FOREIGN KEY (`user_id`) REFERENCES `user` (`id`) ON DELETE CASCADE ON UPDATE CASCADE
) ENGINE=InnoDB DEFAULT CHARSET=utf8mb4 COLLATE=utf8mb4_0900_ai_ci;
/*!40101 SET character_set_client = @saved_cs_client */;

--
-- Dumping data for table `user_role`
--

LOCK TABLES `user_role` WRITE;
/*!40000 ALTER TABLE `user_role` DISABLE KEYS */;
INSERT INTO `user_role` VALUES (1,'167f8550-8763-11ed-a031-1c1bb51f4c1c'),(1,'167f865c-8763-11ed-a031-1c1bb51f4c1c'),(1,'167f875f-8763-11ed-a031-1c1bb51f4c1c'),(2,'167f840d-8763-11ed-a031-1c1bb51f4c1c'),(3,'167f88d5-8763-11ed-a031-1c1bb51f4c1c');
/*!40000 ALTER TABLE `user_role` ENABLE KEYS */;
UNLOCK TABLES;

--
-- Table structure for table `user_school`
--

DROP TABLE IF EXISTS `user_school`;
/*!40101 SET @saved_cs_client     = @@character_set_client */;
/*!50503 SET character_set_client = utf8mb4 */;
CREATE TABLE `user_school` (
  `school_id` int NOT NULL,
  `user_id` varchar(36) NOT NULL,
  `role_id` int NOT NULL,
  PRIMARY KEY (`school_id`,`user_id`),
  KEY `FK_e347864f128a9f86925d43dcc5b` (`user_id`),
  KEY `FK_e9f2e160d32efae56cecc67ff38` (`role_id`),
  CONSTRAINT `FK_179ab87076a96dc0ce035392f07` FOREIGN KEY (`school_id`) REFERENCES `school` (`id`) ON DELETE CASCADE,
  CONSTRAINT `FK_e347864f128a9f86925d43dcc5b` FOREIGN KEY (`user_id`) REFERENCES `user` (`id`) ON DELETE CASCADE,
  CONSTRAINT `FK_e9f2e160d32efae56cecc67ff38` FOREIGN KEY (`role_id`) REFERENCES `role` (`id`)
) ENGINE=InnoDB DEFAULT CHARSET=utf8mb4 COLLATE=utf8mb4_0900_ai_ci;
/*!40101 SET character_set_client = @saved_cs_client */;

--
-- Dumping data for table `user_school`
--

LOCK TABLES `user_school` WRITE;
/*!40000 ALTER TABLE `user_school` DISABLE KEYS */;
INSERT INTO `user_school` VALUES (1,'167f8550-8763-11ed-a031-1c1bb51f4c1c',1),(1,'167f865c-8763-11ed-a031-1c1bb51f4c1c',1),(1,'167f875f-8763-11ed-a031-1c1bb51f4c1c',1),(2,'167f8550-8763-11ed-a031-1c1bb51f4c1c',1),(1,'167f840d-8763-11ed-a031-1c1bb51f4c1c',2),(2,'167f840d-8763-11ed-a031-1c1bb51f4c1c',2),(1,'167f88d5-8763-11ed-a031-1c1bb51f4c1c',3);
/*!40000 ALTER TABLE `user_school` ENABLE KEYS */;
UNLOCK TABLES;
/*!40103 SET TIME_ZONE=@OLD_TIME_ZONE */;

/*!40101 SET SQL_MODE=@OLD_SQL_MODE */;
/*!40014 SET FOREIGN_KEY_CHECKS=@OLD_FOREIGN_KEY_CHECKS */;
/*!40014 SET UNIQUE_CHECKS=@OLD_UNIQUE_CHECKS */;
/*!40101 SET CHARACTER_SET_CLIENT=@OLD_CHARACTER_SET_CLIENT */;
/*!40101 SET CHARACTER_SET_RESULTS=@OLD_CHARACTER_SET_RESULTS */;
/*!40101 SET COLLATION_CONNECTION=@OLD_COLLATION_CONNECTION */;
/*!40111 SET SQL_NOTES=@OLD_SQL_NOTES */;

-- Dump completed on 2023-02-16 11:43:04
