-- MySQL dump 10.13  Distrib 8.0.33, for Linux (x86_64)
--
-- Host: localhost    Database: good_point
-- ------------------------------------------------------
-- Server version	8.0.33-0ubuntu0.22.04.2

/*!40101 SET @OLD_CHARACTER_SET_CLIENT=@@CHARACTER_SET_CLIENT */;
/*!40101 SET @OLD_CHARACTER_SET_RESULTS=@@CHARACTER_SET_RESULTS */;
/*!40101 SET @OLD_COLLATION_CONNECTION=@@COLLATION_CONNECTION */;
/*!50503 SET NAMES utf8mb4 */;
/*!40103 SET @OLD_TIME_ZONE=@@TIME_ZONE */;
/*!40103 SET TIME_ZONE='+00:00' */;
/*!40014 SET @OLD_UNIQUE_CHECKS=@@UNIQUE_CHECKS, UNIQUE_CHECKS=0 */;
/*!40014 SET @OLD_FOREIGN_KEY_CHECKS=@@FOREIGN_KEY_CHECKS, FOREIGN_KEY_CHECKS=0 */;
/*!40101 SET @OLD_SQL_MODE=@@SQL_MODE, SQL_MODE='NO_AUTO_VALUE_ON_ZERO' */;
/*!40111 SET @OLD_SQL_NOTES=@@SQL_NOTES, SQL_NOTES=0 */;

--
-- Table structure for table `access_logger`
--

DROP TABLE IF EXISTS `access_logger`;
/*!40101 SET @saved_cs_client     = @@character_set_client */;
/*!50503 SET character_set_client = utf8mb4 */;
CREATE TABLE `access_logger` (
  `id` int NOT NULL AUTO_INCREMENT,
  `success` tinyint NOT NULL,
  `date` datetime NOT NULL,
  `userId` varchar(36) DEFAULT NULL,
  PRIMARY KEY (`id`),
  KEY `FK_592498efcc7b3c679d433037b1d` (`userId`),
  CONSTRAINT `FK_592498efcc7b3c679d433037b1d` FOREIGN KEY (`userId`) REFERENCES `user` (`id`)
) ENGINE=InnoDB AUTO_INCREMENT=11225 DEFAULT CHARSET=utf8mb4 COLLATE=utf8mb4_0900_ai_ci;
/*!40101 SET character_set_client = @saved_cs_client */;

--
-- Dumping data for table `access_logger`
--

LOCK TABLES `access_logger` WRITE;
/*!40000 ALTER TABLE `access_logger` DISABLE KEYS */;
INSERT INTO `access_logger` VALUES (11221,1,'2023-06-06 15:13:06','167f865c-8763-11ed-a031-1c1bb51f4c1c'),(11224,1,'2023-06-07 15:21:15','167f840d-8763-11ed-a031-1c1bb51f4c1c');
/*!40000 ALTER TABLE `access_logger` ENABLE KEYS */;
UNLOCK TABLES;

--
-- Table structure for table `archived_good_points`
--

DROP TABLE IF EXISTS `archived_good_points`;
/*!40101 SET @saved_cs_client     = @@character_set_client */;
/*!50503 SET character_set_client = utf8mb4 */;
CREATE TABLE `archived_good_points` (
  `id` int NOT NULL AUTO_INCREMENT,
  `created` datetime(6) DEFAULT CURRENT_TIMESTAMP(6),
  `modified` datetime(6) DEFAULT CURRENT_TIMESTAMP(6) ON UPDATE CURRENT_TIMESTAMP(6),
  `text` varchar(255) CHARACTER SET utf8mb4 COLLATE utf8mb4_0900_ai_ci NOT NULL,
  `student_id` int DEFAULT NULL,
  `date_sent` datetime DEFAULT NULL,
  `school_id` int DEFAULT NULL,
  `teacher_id` varchar(36) DEFAULT NULL,
  PRIMARY KEY (`id`),
  KEY `FK_791bf7363b36e873941775724e9` (`teacher_id`),
  KEY `FK_47ebf9f72b5e9a12e7bf0cdd5eb` (`student_id`),
  KEY `FK_fdcefa8e8a8b22a59ef800bc4ba` (`school_id`),
  CONSTRAINT `FK_47ebf9f72b5e9a12e7bf0cdd5eb` FOREIGN KEY (`student_id`) REFERENCES `students` (`id`),
  CONSTRAINT `FK_791bf7363b36e873941775724e9` FOREIGN KEY (`teacher_id`) REFERENCES `user` (`id`) ON DELETE SET NULL,
  CONSTRAINT `FK_fdcefa8e8a8b22a59ef800bc4ba` FOREIGN KEY (`school_id`) REFERENCES `school` (`id`) ON DELETE CASCADE
) ENGINE=InnoDB AUTO_INCREMENT=19381 DEFAULT CHARSET=utf8mb4 COLLATE=utf8mb4_0900_ai_ci;
/*!40101 SET character_set_client = @saved_cs_client */;

--
-- Dumping data for table `archived_good_points`
--

LOCK TABLES `archived_good_points` WRITE;
/*!40000 ALTER TABLE `archived_good_points` DISABLE KEYS */;
/*!40000 ALTER TABLE `archived_good_points` ENABLE KEYS */;
UNLOCK TABLES;

--
-- Table structure for table `classes`
--

DROP TABLE IF EXISTS `classes`;
/*!40101 SET @saved_cs_client     = @@character_set_client */;
/*!50503 SET character_set_client = utf8mb4 */;
CREATE TABLE `classes` (
  `id` int NOT NULL AUTO_INCREMENT,
  `created` datetime(6) DEFAULT CURRENT_TIMESTAMP(6),
  `modified` datetime(6) DEFAULT CURRENT_TIMESTAMP(6) ON UPDATE CURRENT_TIMESTAMP(6),
  `grade` enum('1','2','3','4','5','6','7','8','9','10','11','12') NOT NULL,
  `class_index` tinyint NOT NULL,
  `school_code` varchar(14) CHARACTER SET utf8mb4 COLLATE utf8mb4_0900_ai_ci DEFAULT NULL,
  `school_id` int DEFAULT NULL,
  `teacher_id` varchar(36) DEFAULT NULL,
  PRIMARY KEY (`id`),
  UNIQUE KEY `IDX_9a1024736a466e0361b226cef9` (`class_index`,`grade`,`school_id`),
  KEY `FK_b34c92e413c4debb6e0f23fed46` (`teacher_id`),
  KEY `FK_398f3990f5da4a1efda173f576f` (`school_id`),
  CONSTRAINT `FK_398f3990f5da4a1efda173f576f` FOREIGN KEY (`school_id`) REFERENCES `school` (`id`),
  CONSTRAINT `FK_b34c92e413c4debb6e0f23fed46` FOREIGN KEY (`teacher_id`) REFERENCES `user` (`id`) ON DELETE SET NULL
) ENGINE=InnoDB AUTO_INCREMENT=1360 DEFAULT CHARSET=utf8mb4 COLLATE=utf8mb4_0900_ai_ci;
/*!40101 SET character_set_client = @saved_cs_client */;

--
-- Dumping data for table `classes`
--

LOCK TABLES `classes` WRITE;
/*!40000 ALTER TABLE `classes` DISABLE KEYS */;
INSERT INTO `classes` VALUES (1,'2021-09-19 09:19:22.000000','2023-06-11 17:03:15.000000','1',2,'420208',1,'e9101053-0a0b-42ac-b396-b89570fe1ffe'),(2,'2021-09-19 09:19:23.000000','2023-06-11 15:20:28.000000','2',2,'420208',1,'167f840d-8763-11ed-a031-1c1bb51f4c1c'),(3,'2021-09-19 09:19:24.000000','2023-06-11 15:39:40.000000','3',2,'420208',1,'167f875f-8763-11ed-a031-1c1bb51f4c1c'),(4,'2021-09-19 09:19:26.000000','2023-06-07 13:21:34.000000','4',2,'420208',1,NULL),(5,'2020-05-26 10:26:57.000000','2023-06-07 11:06:18.000000','4',2,'987654',2,NULL),(7,'2020-05-26 10:26:57.000000','2023-06-07 11:06:18.000000','5',1,'987654',2,NULL),(8,'2020-05-26 10:26:57.000000','2023-06-07 11:06:18.000000','7',2,'987654',2,NULL),(9,'2020-05-26 10:26:57.000000','2023-06-07 11:06:18.000000','7',1,'987654',2,NULL),(10,'2020-05-26 10:26:57.000000','2023-06-07 11:06:18.000000','3',2,'987654',2,NULL),(11,'2020-05-26 10:26:57.000000','2023-06-07 11:06:18.000000','6',1,'987654',2,NULL),(12,'2021-09-19 09:19:27.000000','2023-06-11 16:56:23.000000','6',2,'420208',1,NULL),(14,'2021-09-19 09:19:22.000000','2023-06-11 17:03:15.000000','1',3,'420208',1,'e9101053-0a0b-42ac-b396-b89570fe1ffe'),(15,'2021-09-19 09:19:23.000000','2023-06-11 14:37:19.000000','2',3,'420208',1,NULL),(16,'2021-09-19 09:19:24.000000','2023-06-11 16:20:50.000000','3',3,'420208',1,'e3c5f08f-e9fc-465f-918e-c88cc42ecb75'),(17,'2021-09-19 09:19:26.000000','2023-06-11 16:20:50.000000','4',3,'420208',1,'e3c5f08f-e9fc-465f-918e-c88cc42ecb75'),(163,'2021-09-19 09:19:22.000000','2023-06-11 17:01:35.000000','1',1,'420208',1,NULL),(164,'2021-09-19 09:19:23.000000','2023-06-11 17:01:20.000000','2',1,'420208',1,NULL),(165,'2021-09-19 09:19:24.000000','2023-06-08 11:58:50.000000','3',1,'420208',1,'3ae00e54-c3d5-4acf-b117-104b21d13d83'),(166,'2021-09-19 09:19:26.000000','2023-06-11 15:20:28.000000','4',1,'420208',1,'167f840d-8763-11ed-a031-1c1bb51f4c1c'),(167,'2021-09-19 09:19:27.000000','2023-06-08 11:58:50.000000','6',1,'420208',1,'b0fd79c9-4d89-450c-b9e4-676b21533259'),(586,'2022-09-15 09:08:29.000000','2023-06-07 13:14:35.000000','3',3,'987654',2,NULL),(587,'2022-09-15 09:08:29.000000','2023-06-07 13:14:35.000000','3',4,'987654',2,NULL),(588,'2022-09-15 09:08:29.000000','2023-06-07 13:14:35.000000','3',5,'987654',2,NULL),(589,'2022-09-15 09:08:29.000000','2023-06-07 13:14:35.000000','3',6,'987654',2,NULL),(590,'2022-09-15 09:08:29.000000','2023-06-07 13:14:35.000000','4',1,'987654',2,NULL),(591,'2022-09-15 09:08:29.000000','2023-06-07 13:14:35.000000','4',3,'987654',2,NULL),(592,'2022-09-15 09:08:29.000000','2023-06-07 13:14:35.000000','4',4,'987654',2,NULL),(593,'2022-09-15 09:08:29.000000','2023-06-07 13:14:35.000000','4',5,'987654',2,NULL),(594,'2022-09-15 09:08:29.000000','2023-06-07 13:14:35.000000','5',3,'987654',2,NULL),(595,'2022-09-15 09:08:29.000000','2023-06-07 13:14:35.000000','5',4,'987654',2,NULL),(596,'2022-09-15 09:08:29.000000','2023-06-07 13:29:08.000000','6',2,'987654',2,NULL),(597,'2022-09-15 09:08:29.000000','2023-06-07 13:29:08.000000','6',3,'987654',2,NULL),(602,'2022-09-15 09:09:46.000000','2023-06-07 13:29:08.000000','2',1,'987654',2,NULL),(603,'2022-09-15 09:09:46.000000','2023-06-07 13:29:08.000000','2',2,'987654',2,NULL),(604,'2022-09-15 09:09:46.000000','2023-06-07 13:29:08.000000','2',3,'987654',2,NULL),(605,'2022-09-15 09:09:46.000000','2023-06-07 13:29:08.000000','2',4,'987654',2,NULL),(606,'2022-09-15 09:09:46.000000','2023-06-07 13:29:08.000000','3',1,'987654',2,NULL),(916,'2022-11-02 11:04:02.000000','2023-06-07 13:29:08.000000','1',1,'987654',2,NULL),(917,'2022-11-02 11:04:02.000000','2023-06-07 13:29:08.000000','1',2,'987654',2,NULL),(1330,'2023-06-05 15:42:52.003575','2023-06-05 15:42:52.003575','6',4,NULL,1,NULL),(1331,'2023-06-07 13:24:18.735382','2023-06-07 13:25:08.000000','6',3,NULL,1,NULL),(1332,'2023-06-07 13:26:04.632350','2023-06-11 15:17:40.000000','3',5,NULL,1,NULL),(1333,'2023-06-07 13:26:38.055737','2023-06-11 15:40:55.000000','1',5,NULL,1,NULL),(1334,'2023-06-07 13:26:55.422183','2023-06-07 13:27:15.000000','6',5,NULL,1,NULL),(1335,'2023-06-07 15:23:16.335018','2023-06-11 16:20:19.000000','1',6,NULL,1,'f656925d-3237-4207-ab91-7c05cddd2321'),(1336,'2023-06-07 15:23:16.335018','2023-06-11 16:19:43.000000','5',1,NULL,1,NULL),(1359,'2023-06-08 14:33:04.605124','2023-06-08 15:07:58.000000','1',7,NULL,1,NULL);
/*!40000 ALTER TABLE `classes` ENABLE KEYS */;
UNLOCK TABLES;

--
-- Table structure for table `classes_teachers_user`
--

DROP TABLE IF EXISTS `classes_teachers_user`;
/*!40101 SET @saved_cs_client     = @@character_set_client */;
/*!50503 SET character_set_client = utf8mb4 */;
CREATE TABLE `classes_teachers_user` (
  `classesId` int NOT NULL,
  `userId` varchar(36) NOT NULL,
  PRIMARY KEY (`classesId`,`userId`),
  KEY `IDX_3c538c5355b1ed407c280d0eca` (`classesId`),
  KEY `IDX_ea3f37176a03a67d048faa1bb8` (`userId`),
  CONSTRAINT `FK_3c538c5355b1ed407c280d0eca2` FOREIGN KEY (`classesId`) REFERENCES `classes` (`id`) ON DELETE CASCADE ON UPDATE CASCADE,
  CONSTRAINT `FK_ea3f37176a03a67d048faa1bb8f` FOREIGN KEY (`userId`) REFERENCES `user` (`id`) ON DELETE CASCADE ON UPDATE CASCADE
) ENGINE=InnoDB DEFAULT CHARSET=utf8mb4 COLLATE=utf8mb4_0900_ai_ci;
/*!40101 SET character_set_client = @saved_cs_client */;

--
-- Dumping data for table `classes_teachers_user`
--

LOCK TABLES `classes_teachers_user` WRITE;
/*!40000 ALTER TABLE `classes_teachers_user` DISABLE KEYS */;
INSERT INTO `classes_teachers_user` VALUES (1,'167f8039-8763-11ed-a031-1c1bb51f4c1c'),(2,'167f8039-8763-11ed-a031-1c1bb51f4c1c'),(3,'167f8039-8763-11ed-a031-1c1bb51f4c1c'),(5,'167f8039-8763-11ed-a031-1c1bb51f4c1c'),(8,'167f8039-8763-11ed-a031-1c1bb51f4c1c');
/*!40000 ALTER TABLE `classes_teachers_user` ENABLE KEYS */;
UNLOCK TABLES;

--
-- Table structure for table `email_spam`
--

DROP TABLE IF EXISTS `email_spam`;
/*!40101 SET @saved_cs_client     = @@character_set_client */;
/*!50503 SET character_set_client = utf8mb4 */;
CREATE TABLE `email_spam` (
  `id` int NOT NULL AUTO_INCREMENT,
  `email` varchar(70) NOT NULL,
  PRIMARY KEY (`id`),
  UNIQUE KEY `IDX_52eb087e1598863b2f09fc1534` (`email`)
) ENGINE=InnoDB DEFAULT CHARSET=utf8mb4 COLLATE=utf8mb4_0900_ai_ci;
/*!40101 SET character_set_client = @saved_cs_client */;

--
-- Dumping data for table `email_spam`
--

LOCK TABLES `email_spam` WRITE;
/*!40000 ALTER TABLE `email_spam` DISABLE KEYS */;
/*!40000 ALTER TABLE `email_spam` ENABLE KEYS */;
UNLOCK TABLES;

--
-- Table structure for table `good_point_reaction`
--

DROP TABLE IF EXISTS `good_point_reaction`;
/*!40101 SET @saved_cs_client     = @@character_set_client */;
/*!50503 SET character_set_client = utf8mb4 */;
CREATE TABLE `good_point_reaction` (
  `id` int NOT NULL AUTO_INCREMENT,
  `good_point_id` int NOT NULL,
  `reaction` enum('HAPPY','BLUSH','SMILE','FUNNY','COOL_GLASSES_EMOJI') NOT NULL,
  `sender` enum('DAD','MOM','STUDENT','GRANDPA','GRANDMA','OTHER') NOT NULL,
  `created` datetime(6) DEFAULT CURRENT_TIMESTAMP(6),
  PRIMARY KEY (`id`),
  UNIQUE KEY `IDX_5699a8423743908cfbbcb7b660` (`sender`,`good_point_id`),
  KEY `FK_1a402f7849f5d1b4b518d8f154f` (`good_point_id`),
  CONSTRAINT `FK_1a402f7849f5d1b4b518d8f154f` FOREIGN KEY (`good_point_id`) REFERENCES `good_points` (`id`)
) ENGINE=InnoDB DEFAULT CHARSET=utf8mb4 COLLATE=utf8mb4_0900_ai_ci;
/*!40101 SET character_set_client = @saved_cs_client */;

--
-- Dumping data for table `good_point_reaction`
--

LOCK TABLES `good_point_reaction` WRITE;
/*!40000 ALTER TABLE `good_point_reaction` DISABLE KEYS */;
/*!40000 ALTER TABLE `good_point_reaction` ENABLE KEYS */;
UNLOCK TABLES;

--
-- Table structure for table `good_points`
--

DROP TABLE IF EXISTS `good_points`;
/*!40101 SET @saved_cs_client     = @@character_set_client */;
/*!50503 SET character_set_client = utf8mb4 */;
CREATE TABLE `good_points` (
  `id` int NOT NULL AUTO_INCREMENT,
  `created` datetime(6) DEFAULT CURRENT_TIMESTAMP(6),
  `modified` datetime(6) DEFAULT CURRENT_TIMESTAMP(6) ON UPDATE CURRENT_TIMESTAMP(6),
  `student_id` int DEFAULT NULL,
  `gp_link_hash` varchar(100) CHARACTER SET utf8mb4 COLLATE utf8mb4_0900_ai_ci DEFAULT NULL,
  `school_id` int DEFAULT NULL,
  `teacher_id` varchar(36) DEFAULT NULL,
  `view_count` tinyint unsigned DEFAULT '0',
  `view_count_late` tinyint unsigned DEFAULT NULL,
  `text` varchar(1024) NOT NULL,
  PRIMARY KEY (`id`),
  UNIQUE KEY `IDX_ffa4b7a2390db09fbddc57fd84` (`gp_link_hash`),
  KEY `FK_ff2314d38943c757d39871ac3de` (`school_id`),
  KEY `FK_c16c73fecdb731b9def35f0f557` (`teacher_id`),
  KEY `FK_b3e224c16b9166666f728941ff4` (`student_id`),
  CONSTRAINT `FK_b3e224c16b9166666f728941ff4` FOREIGN KEY (`student_id`) REFERENCES `students` (`id`) ON DELETE CASCADE,
  CONSTRAINT `FK_c16c73fecdb731b9def35f0f557` FOREIGN KEY (`teacher_id`) REFERENCES `user` (`id`) ON DELETE SET NULL,
  CONSTRAINT `FK_ff2314d38943c757d39871ac3de` FOREIGN KEY (`school_id`) REFERENCES `school` (`id`) ON DELETE CASCADE
) ENGINE=InnoDB AUTO_INCREMENT=50895 DEFAULT CHARSET=utf8mb4 COLLATE=utf8mb4_0900_ai_ci;
/*!40101 SET character_set_client = @saved_cs_client */;

--
-- Dumping data for table `good_points`
--

LOCK TABLES `good_points` WRITE;
/*!40000 ALTER TABLE `good_points` DISABLE KEYS */;
INSERT INTO `good_points` VALUES (1,'2020-05-25 12:29:36.000000','2023-01-31 11:59:48.922748',3494,NULL,1,'167f8550-8763-11ed-a031-1c1bb51f4c1c',NULL,NULL,'הודעה הודעה!! יאיי'),(1192,'2020-07-16 12:13:04.000000','2023-01-31 11:59:48.922748',3494,NULL,1,'167f8550-8763-11ed-a031-1c1bb51f4c1c',NULL,NULL,'הודעה הודעה!! יאיי'),(1239,'2020-09-08 16:04:04.000000','2023-01-31 11:59:48.922748',3494,NULL,1,'167f8550-8763-11ed-a031-1c1bb51f4c1c',NULL,NULL,'הודעה הודעה!! יאיי'),(50667,'2023-01-29 15:50:44.021825','2023-01-29 15:50:44.021825',3482,'488122',1,'167f865c-8763-11ed-a031-1c1bb51f4c1c',NULL,NULL,'אושר קיבל תפקיד בכיתה וממלא אותו באחריות'),(50668,'2023-01-29 15:50:51.821140','2023-01-29 15:50:51.821140',3479,'9fefda',1,'167f865c-8763-11ed-a031-1c1bb51f4c1c',NULL,NULL,'ליאם הגיש עזרה לחבר בהפסקה'),(50670,'2023-01-29 15:56:54.019936','2023-01-29 15:56:54.019936',3473,'5b0333',1,'167f875f-8763-11ed-a031-1c1bb51f4c1c',NULL,NULL,'אופק הכין שיעורי בית'),(50672,'2023-01-29 15:57:04.785484','2023-01-29 15:57:04.785484',3475,'64f893',1,'167f875f-8763-11ed-a031-1c1bb51f4c1c',NULL,NULL,'שי התנדב היום לעזור'),(50673,'2023-01-29 15:57:33.698118','2023-01-29 15:57:33.698118',3474,'6a835d',1,'167f840d-8763-11ed-a031-1c1bb51f4c1c',NULL,NULL,'טיאגו הכין שיעורי בית '),(50674,'2023-01-29 15:57:43.366456','2023-01-29 15:57:43.366456',3486,'9d3725',1,'167f840d-8763-11ed-a031-1c1bb51f4c1c',NULL,NULL,'עומר התגבר היום על קושי '),(50675,'2023-01-29 15:58:40.841459','2023-01-29 15:58:40.841459',3477,'424aa1',1,'167f840d-8763-11ed-a031-1c1bb51f4c1c',NULL,NULL,'ליאם השתתף בשיעור בצורה יוצאת דופן'),(50676,'2023-06-04 11:59:16.615569','2023-06-04 11:59:16.615569',3476,'876a504',1,'167f865c-8763-11ed-a031-1c1bb51f4c1c',0,NULL,'מלאכי עזר לחברה בהפסקה'),(50677,'2023-06-04 11:59:52.154521','2023-06-04 11:59:52.154521',3476,'4dc336e',1,'167f865c-8763-11ed-a031-1c1bb51f4c1c',0,NULL,'נסוין'),(50678,'2023-06-04 12:00:08.757044','2023-06-04 12:00:08.757044',3480,'81665c8',1,'167f865c-8763-11ed-a031-1c1bb51f4c1c',0,NULL,'נסיון'),(50679,'2023-06-04 12:02:14.355949','2023-06-04 12:02:14.355949',3481,'6959f6f',1,'167f865c-8763-11ed-a031-1c1bb51f4c1c',0,NULL,'אימרי העשיר אותנו היום מחפצים הנמצאים בביתו'),(50680,'2023-06-04 12:02:58.556460','2023-06-04 12:02:58.556460',3478,'6ad3aaf',1,'167f865c-8763-11ed-a031-1c1bb51f4c1c',0,NULL,'ליעוז עזר לחברה בהפסקה'),(50681,'2023-06-04 12:04:30.625279','2023-06-04 12:04:30.625279',3485,'a9aa0a8',1,'167f865c-8763-11ed-a031-1c1bb51f4c1c',0,NULL,'אופיר עזר לחברה בהפסקה'),(50682,'2023-06-04 12:04:48.331281','2023-06-04 12:04:48.331281',3473,'5e8d190',1,'167f865c-8763-11ed-a031-1c1bb51f4c1c',0,NULL,'אופק עזר לחברה בהפסקה'),(50683,'2023-06-04 12:05:24.716856','2023-06-04 12:05:24.716856',3487,'03ee2b9',1,'167f865c-8763-11ed-a031-1c1bb51f4c1c',0,NULL,'יצחק העשיר אותנו היום מחפצים הנמצאים בביתו'),(50684,'2023-06-04 12:06:03.517877','2023-06-04 12:06:03.517877',3473,'14f995f',1,'167f865c-8763-11ed-a031-1c1bb51f4c1c',0,NULL,'אופק מגלה עצמאות ואחריות בלמידה.'),(50685,'2023-06-04 12:08:02.333433','2023-06-04 12:08:02.333433',3488,'22bb4c5',1,'167f865c-8763-11ed-a031-1c1bb51f4c1c',0,NULL,'ברכות'),(50686,'2023-06-04 12:08:02.337546','2023-06-04 12:08:02.337546',3491,'b251c78',1,'167f865c-8763-11ed-a031-1c1bb51f4c1c',0,NULL,'ברכות'),(50687,'2023-06-04 12:08:02.341828','2023-06-04 12:08:02.341828',3485,'2b5ece8',1,'167f865c-8763-11ed-a031-1c1bb51f4c1c',0,NULL,'ברכות'),(50688,'2023-06-04 12:08:07.970387','2023-06-04 12:08:07.970387',3488,'a8c5da8',1,'167f865c-8763-11ed-a031-1c1bb51f4c1c',0,NULL,'בדיקה'),(50690,'2023-06-04 12:08:07.982893','2023-06-04 12:08:07.982893',3491,'55068b1',1,'167f865c-8763-11ed-a031-1c1bb51f4c1c',0,NULL,'בדיקה'),(50691,'2023-06-04 12:08:44.964475','2023-06-04 12:08:44.964475',3488,'f7ea115',1,'167f865c-8763-11ed-a031-1c1bb51f4c1c',0,NULL,'נסיון'),(50692,'2023-06-04 12:08:44.972239','2023-06-04 12:08:44.972239',3491,'fc58914',1,'167f865c-8763-11ed-a031-1c1bb51f4c1c',0,NULL,'נסיון'),(50693,'2023-06-04 12:08:44.978887','2023-06-04 12:08:44.978887',3485,'db58348',1,'167f865c-8763-11ed-a031-1c1bb51f4c1c',0,NULL,'נסיון'),(50694,'2023-06-04 12:11:36.593579','2023-06-04 12:11:36.593579',3483,'b9dbc70',1,'167f865c-8763-11ed-a031-1c1bb51f4c1c',0,NULL,'משה עזר לחברה בהפסקה'),(50695,'2023-06-04 12:12:01.147828','2023-06-04 12:12:01.147828',3489,'2368567',1,'167f865c-8763-11ed-a031-1c1bb51f4c1c',0,NULL,'עדי עזר לחברה בהפסקה'),(50696,'2023-06-04 12:12:25.364563','2023-06-04 12:12:25.364563',3486,'e9dab07',1,'167f865c-8763-11ed-a031-1c1bb51f4c1c',0,NULL,'עומר עזר לחברה בהפסקה'),(50697,'2023-06-04 12:12:46.918810','2023-06-04 12:12:46.918810',3484,'0055e89',1,'167f865c-8763-11ed-a031-1c1bb51f4c1c',0,NULL,'נועם עזר לחברה בהפסקה'),(50698,'2023-06-04 12:15:11.168448','2023-06-04 12:15:11.168448',3471,'a2ae75e',1,'167f865c-8763-11ed-a031-1c1bb51f4c1c',0,NULL,'יעקב עזר לחברה בהפסקה'),(50699,'2023-06-04 12:21:39.396007','2023-06-04 12:21:39.396007',3481,'7898b7a',1,'167f865c-8763-11ed-a031-1c1bb51f4c1c',0,NULL,'אימרי עזר לחברה בהפסקה'),(50700,'2023-06-04 12:21:58.698653','2023-06-04 12:21:58.698653',3470,'ef4e3ba',1,'167f865c-8763-11ed-a031-1c1bb51f4c1c',0,NULL,'ליאל עזר לחברה בהפסקה'),(50701,'2023-06-04 12:23:03.618643','2023-06-04 12:23:03.618643',3488,'3c17859',1,'167f865c-8763-11ed-a031-1c1bb51f4c1c',0,NULL,'אברהם עזר לחברה בהפסקה'),(50702,'2023-06-04 12:23:27.240463','2023-06-04 12:23:27.240463',3485,'d98a332',1,'167f865c-8763-11ed-a031-1c1bb51f4c1c',0,NULL,'123'),(50703,'2023-06-04 12:23:27.249629','2023-06-04 12:23:27.249629',3488,'bb8b9a1',1,'167f865c-8763-11ed-a031-1c1bb51f4c1c',0,NULL,'123'),(50704,'2023-06-04 12:23:27.254400','2023-06-04 12:23:27.254400',3491,'fea7d10',1,'167f865c-8763-11ed-a031-1c1bb51f4c1c',0,NULL,'123'),(50705,'2023-06-04 12:24:16.392765','2023-06-04 12:24:16.392765',3488,'8813c13',1,'167f865c-8763-11ed-a031-1c1bb51f4c1c',0,NULL,'היוש'),(50706,'2023-06-04 12:24:16.395448','2023-06-04 12:24:16.395448',3485,'26af115',1,'167f865c-8763-11ed-a031-1c1bb51f4c1c',0,NULL,'היוש'),(50707,'2023-06-04 12:24:16.400164','2023-06-04 12:24:16.400164',3491,'bd35392',1,'167f865c-8763-11ed-a031-1c1bb51f4c1c',0,NULL,'היוש'),(50708,'2023-06-04 12:24:34.147765','2023-06-04 12:24:34.147765',3492,'1fe659b',1,'167f865c-8763-11ed-a031-1c1bb51f4c1c',0,NULL,'עדיאל עזר לחברה בהפסקה'),(50709,'2023-06-04 12:24:59.804626','2023-06-04 12:24:59.804626',3474,'370bf28',1,'167f865c-8763-11ed-a031-1c1bb51f4c1c',0,NULL,'טיאגו עזר לחברה בהפסקה'),(50710,'2023-06-04 12:26:31.586889','2023-06-04 12:26:31.586889',3479,'63b98e6',1,'167f865c-8763-11ed-a031-1c1bb51f4c1c',0,NULL,'ליאם עזר לחברה בהפסקה'),(50711,'2023-06-04 12:26:51.423443','2023-06-04 12:26:51.423443',3477,'c915c68',1,'167f865c-8763-11ed-a031-1c1bb51f4c1c',0,NULL,'ליאם עזר לחברה בהפסקה'),(50712,'2023-06-04 12:33:31.173978','2023-06-04 12:33:31.173978',3488,'f4f5aed',1,'167f865c-8763-11ed-a031-1c1bb51f4c1c',0,NULL,'אברהם עזר לחברה בהפסקה'),(50713,'2023-06-04 12:35:43.815255','2023-06-04 12:35:43.815255',3488,'2323025',1,'167f865c-8763-11ed-a031-1c1bb51f4c1c',0,NULL,'אברהם העשיר אותנו היום מחפצים הנמצאים בביתו'),(50714,'2023-06-04 12:38:20.542195','2023-06-04 12:38:20.542195',3481,'35fd2fe',1,'167f865c-8763-11ed-a031-1c1bb51f4c1c',0,NULL,'אימרי מגלה עצמאות ואחריות בלמידה.'),(50715,'2023-06-04 12:39:09.602013','2023-06-04 12:39:09.602013',3481,'2127f3b',1,'167f865c-8763-11ed-a031-1c1bb51f4c1c',0,NULL,'אימרי עזר לחברה בהפסקה'),(50716,'2023-06-04 12:39:23.142542','2023-06-04 12:39:23.142542',3479,'0485a6c',1,'167f865c-8763-11ed-a031-1c1bb51f4c1c',0,NULL,'ליאם העשיר אותנו היום מחפצים הנמצאים בביתו'),(50717,'2023-06-04 12:39:41.846586','2023-06-04 12:39:41.846586',3488,'51ea692',1,'167f865c-8763-11ed-a031-1c1bb51f4c1c',0,NULL,'אברהם עזר לחברה בהפסקה'),(50718,'2023-06-04 12:43:11.826983','2023-06-04 12:43:11.826983',3488,'e3097ab',1,'167f865c-8763-11ed-a031-1c1bb51f4c1c',0,NULL,'אברהם עזר לחברה בהפסקה'),(50719,'2023-06-04 12:43:44.163801','2023-06-04 12:43:44.163801',3466,'840dc85',1,'167f865c-8763-11ed-a031-1c1bb51f4c1c',0,NULL,'מקסים עזר לחברה בהפסקה'),(50720,'2023-06-04 12:44:23.310040','2023-06-04 12:44:23.310040',3487,'de5ed44',1,'167f865c-8763-11ed-a031-1c1bb51f4c1c',0,NULL,'יצחק עזר לחברה בהפסקה'),(50721,'2023-06-04 12:46:40.203925','2023-06-04 12:46:40.203925',3488,'027c496',1,'167f865c-8763-11ed-a031-1c1bb51f4c1c',0,NULL,'אברהם עזר לחברה בהפסקה'),(50722,'2023-06-04 12:46:50.331600','2023-06-04 12:46:50.331600',3493,'957f9ce',1,'167f865c-8763-11ed-a031-1c1bb51f4c1c',0,NULL,'אריה העשיר אותנו היום מחפצים הנמצאים בביתו'),(50723,'2023-06-04 12:51:25.283904','2023-06-04 12:51:25.283904',3494,'cdf6889',1,'167f865c-8763-11ed-a031-1c1bb51f4c1c',0,NULL,'לביא עזר לחברה בהפסקה'),(50724,'2023-06-04 12:52:14.314324','2023-06-04 12:52:14.314324',3488,'a442de1',1,'167f865c-8763-11ed-a031-1c1bb51f4c1c',0,NULL,'אברהם מגלה עצמאות ואחריות בלמידה.'),(50725,'2023-06-04 12:55:01.001091','2023-06-04 12:55:01.001091',3492,'a91f159',1,'167f865c-8763-11ed-a031-1c1bb51f4c1c',0,NULL,'עדיאל העשיר אותנו היום מחפצים הנמצאים בביתו'),(50726,'2023-06-04 13:00:52.313355','2023-06-04 13:00:52.313355',3488,'fb166f5',1,'167f865c-8763-11ed-a031-1c1bb51f4c1c',0,NULL,'אברהם מגלה עצמאות ואחריות בלמידה.'),(50727,'2023-06-04 14:31:16.602712','2023-06-04 14:31:16.602712',3485,'805fdad',1,'167f865c-8763-11ed-a031-1c1bb51f4c1c',0,NULL,'אופיר עזר לחברה בהפסקה'),(50728,'2023-06-04 14:32:10.103409','2023-06-04 14:32:10.103409',3480,'5628407',1,'167f865c-8763-11ed-a031-1c1bb51f4c1c',0,NULL,'שיאל עזר לחברה בהפסקה'),(50729,'2023-06-04 14:32:25.860907','2023-06-04 14:32:25.860907',3482,'9502761',1,'167f865c-8763-11ed-a031-1c1bb51f4c1c',0,NULL,'אושר עזר לחברה בהפסקה'),(50730,'2023-06-04 14:34:51.075826','2023-06-04 14:34:51.075826',3489,'4ef2739',1,'167f865c-8763-11ed-a031-1c1bb51f4c1c',0,NULL,'עדי העשיר אותנו היום מחפצים הנמצאים בביתו'),(50731,'2023-06-04 14:35:27.437416','2023-06-04 14:35:27.437416',3489,'028f0db',1,'167f865c-8763-11ed-a031-1c1bb51f4c1c',0,NULL,'עדי העשיר אותנו היום מחפצים הנמצאים בביתו'),(50732,'2023-06-04 14:36:00.767697','2023-06-04 14:36:00.767697',3488,'55638b7',1,'167f865c-8763-11ed-a031-1c1bb51f4c1c',0,NULL,'היוש'),(50733,'2023-06-04 15:16:47.069479','2023-06-04 15:16:47.069479',3483,'bf78219',1,'167f865c-8763-11ed-a031-1c1bb51f4c1c',0,NULL,'משה עזר לחברה בהפסקה'),(50734,'2023-06-04 15:29:35.174522','2023-06-04 15:29:35.174522',3482,'7629e4d',1,'167f865c-8763-11ed-a031-1c1bb51f4c1c',0,NULL,'אושר הקריא היום טקסט לכל הכיתה בצורה רהוטה ומכובדת'),(50735,'2023-06-04 15:29:53.749270','2023-06-04 15:29:53.749270',3480,'3022595',1,'167f865c-8763-11ed-a031-1c1bb51f4c1c',0,NULL,'שיאל מגלה עצמאות ואחריות בלמידה.'),(50736,'2023-06-04 15:31:47.731802','2023-06-04 15:31:47.731802',3492,'5add288',1,'167f865c-8763-11ed-a031-1c1bb51f4c1c',0,NULL,'עדיאל מגלה עצמאות ואחריות בלמידה.'),(50737,'2023-06-04 15:32:06.075859','2023-06-04 15:32:06.075859',3492,'582d01c',1,'167f865c-8763-11ed-a031-1c1bb51f4c1c',0,NULL,'עדיאל הקריא היום טקסט לכל הכיתה בצורה רהוטה ומכובדת'),(50738,'2023-06-04 15:33:39.508555','2023-06-04 15:33:39.508555',3467,'c1f49ab',1,'167f865c-8763-11ed-a031-1c1bb51f4c1c',0,NULL,'איתן מגלה עצמאות ואחריות בלמידה.'),(50739,'2023-06-04 15:38:43.673771','2023-06-04 15:38:43.673771',3481,'4f69b17',1,'167f865c-8763-11ed-a031-1c1bb51f4c1c',0,NULL,'כל הכבוד'),(50740,'2023-06-04 15:38:43.674723','2023-06-04 15:38:43.674723',3467,'04f23cc',1,'167f865c-8763-11ed-a031-1c1bb51f4c1c',0,NULL,'כל הכבוד'),(50741,'2023-06-04 15:38:43.677365','2023-06-04 15:38:43.677365',3482,'b7a1c0c',1,'167f865c-8763-11ed-a031-1c1bb51f4c1c',0,NULL,'כל הכבוד'),(50742,'2023-06-04 15:55:06.202966','2023-06-04 15:55:06.202966',3473,'e8bb9da',1,'167f865c-8763-11ed-a031-1c1bb51f4c1c',0,NULL,'אופק העשיר אותנו היום מחפצים הנמצאים בביתו'),(50743,'2023-06-04 15:55:26.790891','2023-06-04 15:55:26.790891',3482,'4460049',1,'167f865c-8763-11ed-a031-1c1bb51f4c1c',0,NULL,'test'),(50744,'2023-06-04 15:55:44.855740','2023-06-04 15:55:44.855740',3477,'4d1fbba',1,'167f865c-8763-11ed-a031-1c1bb51f4c1c',0,NULL,'שמחתי לראות את ליאם נוכח ומחייך היום בשיעור'),(50745,'2023-06-04 15:58:35.451180','2023-06-04 15:58:35.451180',3473,'d907751',1,'167f865c-8763-11ed-a031-1c1bb51f4c1c',0,NULL,'אופק עזר לחברה בהפסקה'),(50746,'2023-06-04 16:26:40.388794','2023-06-04 16:26:40.388794',3468,'10d3421',1,'167f865c-8763-11ed-a031-1c1bb51f4c1c',0,NULL,'הדר העשיר אותנו היום מחפצים הנמצאים בביתו'),(50747,'2023-06-04 16:26:56.737036','2023-06-04 16:26:56.737036',3481,'05f9786',1,'167f865c-8763-11ed-a031-1c1bb51f4c1c',0,NULL,'אימרי העשיר אותנו היום מחפצים הנמצאים בביתו'),(50748,'2023-06-04 16:29:40.481057','2023-06-04 16:29:40.481057',3471,'71bfe82',1,'167f865c-8763-11ed-a031-1c1bb51f4c1c',0,NULL,'יעקב מגלה עצמאות ואחריות בלמידה.'),(50749,'2023-06-04 16:30:10.964434','2023-06-04 16:30:10.964434',3472,'916ce9b',1,'167f865c-8763-11ed-a031-1c1bb51f4c1c',0,NULL,'יהודה העשיר אותנו היום מחפצים הנמצאים בביתו'),(50750,'2023-06-04 16:30:24.121776','2023-06-04 16:30:24.121776',3467,'46d1418',1,'167f865c-8763-11ed-a031-1c1bb51f4c1c',0,NULL,'איתן מגלה עצמאות ואחריות בלמידה.'),(50751,'2023-06-04 16:35:10.086846','2023-06-04 16:35:10.086846',3481,'66243ea',1,'167f865c-8763-11ed-a031-1c1bb51f4c1c',0,NULL,'אימרי מגלה עצמאות ואחריות בלמידה.'),(50752,'2023-06-04 16:35:38.261026','2023-06-04 16:35:38.261026',3476,'af5e252',1,'167f865c-8763-11ed-a031-1c1bb51f4c1c',0,NULL,'מלאכי עזר לחברה בהפסקה'),(50753,'2023-06-05 15:44:44.247362','2023-06-05 15:44:44.247362',28416,'4a20a82',1,'167f865c-8763-11ed-a031-1c1bb51f4c1c',0,NULL,'מיכל עזרה לחבר בהפסקה'),(50754,'2023-06-05 15:45:12.964379','2023-06-05 15:45:12.964379',28415,'27e478b',1,'167f865c-8763-11ed-a031-1c1bb51f4c1c',0,NULL,'משה מגלה עצמאות ואחריות בלמידה.'),(50755,'2023-06-05 15:45:25.614787','2023-06-05 15:45:25.614787',3470,'9aed80a',1,'167f865c-8763-11ed-a031-1c1bb51f4c1c',0,NULL,'ליאל העשיר אותנו היום מחפצים הנמצאים בביתו'),(50756,'2023-06-05 15:45:47.959845','2023-06-05 15:45:47.959845',3482,'65cf5da',1,'167f865c-8763-11ed-a031-1c1bb51f4c1c',0,NULL,'אושר העשיר אותנו היום מחפצים הנמצאים בביתו'),(50757,'2023-06-05 15:46:04.329569','2023-06-05 15:46:04.329569',3467,'65b7841',1,'167f865c-8763-11ed-a031-1c1bb51f4c1c',0,NULL,'שכוייח'),(50758,'2023-06-05 15:46:04.334826','2023-06-05 15:46:04.334826',3481,'83668be',1,'167f865c-8763-11ed-a031-1c1bb51f4c1c',0,NULL,'שכוייח'),(50759,'2023-06-05 15:47:21.319477','2023-06-05 15:47:21.319477',3485,'65590fe',1,'167f865c-8763-11ed-a031-1c1bb51f4c1c',0,NULL,'אופיר מגלה עצמאות ואחריות בלמידה.'),(50760,'2023-06-05 16:20:44.747138','2023-06-05 16:20:44.747138',28415,'ffd1ca9',1,'167f865c-8763-11ed-a031-1c1bb51f4c1c',0,NULL,'משה מגלה עצמאות ואחריות בלמידה.'),(50761,'2023-06-05 16:21:01.762970','2023-06-05 16:21:01.762970',28416,'c5c67c9',1,'167f865c-8763-11ed-a031-1c1bb51f4c1c',0,NULL,'מיכל מגלה עצמאות ואחריות בלמידה'),(50762,'2023-06-05 16:21:24.797955','2023-06-05 16:21:24.797955',3488,'b518cb6',1,'167f865c-8763-11ed-a031-1c1bb51f4c1c',0,NULL,'אברהם מגלה עצמאות ואחריות בלמידה.'),(50763,'2023-06-05 16:27:44.727676','2023-06-05 16:27:44.727676',3469,'080b389',1,'167f865c-8763-11ed-a031-1c1bb51f4c1c',0,NULL,'רועי עזר לחברה בהפסקה'),(50764,'2023-06-05 16:28:16.223400','2023-06-05 16:28:16.223400',28416,'bfad624',1,'167f865c-8763-11ed-a031-1c1bb51f4c1c',0,NULL,'מיכל עזרה לחבר בהפסקה'),(50765,'2023-06-05 16:28:55.349425','2023-06-05 16:28:55.349425',28415,'0feb5ca',1,'167f865c-8763-11ed-a031-1c1bb51f4c1c',0,NULL,'משה מגלה עצמאות ואחריות בלמידה.'),(50766,'2023-06-05 16:29:51.110816','2023-06-05 16:29:51.110816',3485,'454242f',1,'167f865c-8763-11ed-a031-1c1bb51f4c1c',0,NULL,'צלצלצל'),(50767,'2023-06-05 16:32:57.714040','2023-06-05 16:32:57.714040',3493,'549cc59',1,'167f865c-8763-11ed-a031-1c1bb51f4c1c',0,NULL,'אריה מגלה עצמאות ואחריות בלמידה.'),(50768,'2023-06-05 16:40:57.063172','2023-06-05 16:40:57.063172',3494,'d9d261d',1,'167f865c-8763-11ed-a031-1c1bb51f4c1c',0,NULL,'ייי'),(50769,'2023-06-05 16:46:45.816846','2023-06-05 16:46:45.816846',3474,'9a8de5e',1,'167f865c-8763-11ed-a031-1c1bb51f4c1c',0,NULL,'טיאגו עזר לחברה בהפסקה'),(50770,'2023-06-05 16:46:58.201073','2023-06-05 16:46:58.201073',3475,'cf043d0',1,'167f865c-8763-11ed-a031-1c1bb51f4c1c',0,NULL,'שי מגלה עצמאות ואחריות בלמידה.'),(50771,'2023-06-05 16:47:16.415046','2023-06-05 16:47:16.415046',3466,'f9c3c7f',1,'167f865c-8763-11ed-a031-1c1bb51f4c1c',0,NULL,'123'),(50772,'2023-06-05 16:47:39.623179','2023-06-05 16:47:39.623179',3478,'886ade4',1,'167f865c-8763-11ed-a031-1c1bb51f4c1c',0,NULL,'ליעוז עזר לחברה בהפסקה'),(50773,'2023-06-05 16:48:55.209317','2023-06-05 16:48:55.209317',3486,'be6f12b',1,'167f865c-8763-11ed-a031-1c1bb51f4c1c',0,NULL,'עומר מגלה עצמאות ואחריות בלמידה.'),(50774,'2023-06-05 16:49:16.299737','2023-06-05 16:49:16.299737',3494,'6b36460',1,'167f865c-8763-11ed-a031-1c1bb51f4c1c',0,NULL,'לביא העשיר אותנו היום מחפצים הנמצאים בביתו'),(50775,'2023-06-05 16:49:27.852595','2023-06-05 16:49:27.852595',3468,'7f0208d',1,'167f865c-8763-11ed-a031-1c1bb51f4c1c',0,NULL,'הדר מגלה עצמאות ואחריות בלמידה.'),(50776,'2023-06-05 16:49:51.097861','2023-06-05 16:49:51.097861',3470,'20b65c5',1,'167f865c-8763-11ed-a031-1c1bb51f4c1c',0,NULL,'test'),(50777,'2023-06-05 16:50:06.804941','2023-06-05 16:50:06.804941',3470,'b934536',1,'167f865c-8763-11ed-a031-1c1bb51f4c1c',0,NULL,'ליאל מגלה עצמאות ואחריות בלמידה.'),(50778,'2023-06-05 16:51:13.604659','2023-06-05 16:51:13.604659',3493,'43bba6f',1,'167f865c-8763-11ed-a031-1c1bb51f4c1c',0,NULL,'אריה מגלה עצמאות ואחריות בלמידה.'),(50779,'2023-06-05 16:53:01.569003','2023-06-05 16:53:01.569003',3471,'469dab8',1,'167f865c-8763-11ed-a031-1c1bb51f4c1c',0,NULL,'יעקב העשיר אותנו היום מחפצים הנמצאים בביתו'),(50780,'2023-06-05 16:55:57.181982','2023-06-05 16:55:57.181982',3475,'3c3dca1',1,'167f865c-8763-11ed-a031-1c1bb51f4c1c',0,NULL,'שי העשיר אותנו היום מחפצים הנמצאים בביתו'),(50781,'2023-06-05 16:57:08.656994','2023-06-05 16:57:08.656994',3484,'baee99e',1,'167f865c-8763-11ed-a031-1c1bb51f4c1c',0,NULL,'נועם העשיר אותנו היום מחפצים הנמצאים בביתו'),(50782,'2023-06-05 16:57:20.251452','2023-06-05 16:57:20.251452',3487,'4ceae73',1,'167f865c-8763-11ed-a031-1c1bb51f4c1c',0,NULL,'יצחק העשיר אותנו היום מחפצים הנמצאים בביתו'),(50783,'2023-06-05 16:57:32.086736','2023-06-05 16:57:32.086736',3478,'ad925a7',1,'167f865c-8763-11ed-a031-1c1bb51f4c1c',0,NULL,'הייי ליעוז'),(50784,'2023-06-05 16:59:43.841956','2023-06-05 16:59:43.841956',3484,'8832261',1,'167f865c-8763-11ed-a031-1c1bb51f4c1c',0,NULL,'נועם מגלה עצמאות ואחריות בלמידה.'),(50785,'2023-06-06 10:47:18.930834','2023-06-06 10:47:18.930834',3483,'8787bc8',1,'167f865c-8763-11ed-a031-1c1bb51f4c1c',0,NULL,'מה קורה?'),(50786,'2023-06-06 10:49:36.673099','2023-06-06 10:49:36.673099',28416,'2f5fadb',1,'167f865c-8763-11ed-a031-1c1bb51f4c1c',0,NULL,'מיכל העשירה אותנו היום מחפצים הנמצאים בביתה'),(50787,'2023-06-06 10:50:05.209775','2023-06-06 10:50:05.209775',28416,'8c55a83',1,'167f865c-8763-11ed-a031-1c1bb51f4c1c',0,NULL,'מיכל העשירה אותנו היום מחפצים הנמצאים בביתה'),(50788,'2023-06-06 10:50:21.467778','2023-06-06 10:50:21.467778',28416,'510ffe4',1,'167f865c-8763-11ed-a031-1c1bb51f4c1c',0,NULL,'מיכל עזרה לחבר בהפסקה'),(50789,'2023-06-06 10:50:38.593140','2023-06-06 10:50:38.593140',28416,'27c49f3',1,'167f865c-8763-11ed-a031-1c1bb51f4c1c',0,NULL,'מיכל עזרה לחבר בהפסקה'),(50790,'2023-06-06 10:56:11.023431','2023-06-06 10:56:11.023431',28416,'d665b8c',1,'167f865c-8763-11ed-a031-1c1bb51f4c1c',0,NULL,'מיכל עזרה לחבר בהפסקה'),(50791,'2023-06-06 11:02:01.883503','2023-06-06 11:02:01.883503',3476,'8aced6d',1,'167f865c-8763-11ed-a031-1c1bb51f4c1c',0,NULL,'מלאכי העשיר אותנו היום מחפצים הנמצאים בביתו'),(50792,'2023-06-06 11:02:27.130017','2023-06-06 11:02:27.130017',28415,'66ea87f',1,'167f865c-8763-11ed-a031-1c1bb51f4c1c',0,NULL,'משה עזר לחברה בהפסקה'),(50793,'2023-06-06 11:03:56.211870','2023-06-06 11:03:56.211870',3481,'4bd80d9',1,'167f865c-8763-11ed-a031-1c1bb51f4c1c',0,NULL,'אימרי עזר לחברה בהפסקה'),(50794,'2023-06-06 11:05:47.801124','2023-06-06 11:05:47.801124',28415,'dc69ba7',1,'167f865c-8763-11ed-a031-1c1bb51f4c1c',0,NULL,'משה העשיר אותנו היום מחפצים הנמצאים בביתו'),(50795,'2023-06-06 11:07:45.078443','2023-06-06 11:07:45.078443',28416,'33f7689',1,'167f865c-8763-11ed-a031-1c1bb51f4c1c',0,NULL,'מיכל עזרה לחבר בהפסקה'),(50796,'2023-06-06 11:08:08.890095','2023-06-06 11:08:08.890095',28416,'35a8e6d',1,'167f865c-8763-11ed-a031-1c1bb51f4c1c',0,NULL,'מיכל העשירה אותנו היום מחפצים הנמצאים בביתה'),(50797,'2023-06-06 11:08:35.634359','2023-06-06 11:08:35.634359',28416,'2e10689',1,'167f865c-8763-11ed-a031-1c1bb51f4c1c',0,NULL,'מיכל עזרה לחבר בהפסקה'),(50798,'2023-06-06 11:09:30.091429','2023-06-06 11:09:30.091429',3474,'d952f57',1,'167f865c-8763-11ed-a031-1c1bb51f4c1c',0,NULL,'טיאגו עזר לחברה בהפסקה'),(50799,'2023-06-06 11:11:25.823313','2023-06-06 11:11:25.823313',28416,'b82e5ec',1,'167f865c-8763-11ed-a031-1c1bb51f4c1c',0,NULL,'מיכל עזרה לחבר בהפסקה'),(50800,'2023-06-06 11:15:20.580253','2023-06-06 11:15:20.580253',28415,'e6c175d',1,'167f865c-8763-11ed-a031-1c1bb51f4c1c',0,NULL,'משה עזר לחברה בהפסקה'),(50801,'2023-06-06 11:15:56.197644','2023-06-06 11:15:56.197644',28416,'15610e2',1,'167f865c-8763-11ed-a031-1c1bb51f4c1c',0,NULL,'מיכל העשירה אותנו היום מחפצים הנמצאים בביתה'),(50802,'2023-06-06 11:17:00.531515','2023-06-06 11:17:00.531515',28415,'712c769',1,'167f865c-8763-11ed-a031-1c1bb51f4c1c',0,NULL,'משה עזר לחברה בהפסקה'),(50803,'2023-06-06 11:18:20.943874','2023-06-06 11:18:20.943874',28416,'e30255c',1,'167f865c-8763-11ed-a031-1c1bb51f4c1c',0,NULL,'מיכל העשירה אותנו היום מחפצים הנמצאים בביתה'),(50804,'2023-06-06 11:18:38.723899','2023-06-06 11:18:38.723899',28416,'03d4adf',1,'167f865c-8763-11ed-a031-1c1bb51f4c1c',0,NULL,'מיכל העשירה אותנו היום מחפצים הנמצאים בביתה'),(50805,'2023-06-06 11:19:50.332996','2023-06-06 11:19:50.332996',28416,'6032ac7',1,'167f865c-8763-11ed-a031-1c1bb51f4c1c',0,NULL,'מיכל העשירה אותנו היום מחפצים הנמצאים בביתה'),(50806,'2023-06-06 11:20:28.108087','2023-06-06 11:20:28.108087',3467,'1608c3a',1,'167f865c-8763-11ed-a031-1c1bb51f4c1c',0,NULL,'איתן העשיר אותנו היום מחפצים הנמצאים בביתו'),(50807,'2023-06-06 11:21:40.198463','2023-06-06 11:21:40.198463',3469,'158bc68',1,'167f865c-8763-11ed-a031-1c1bb51f4c1c',0,NULL,'רועי עזר לחברה בהפסקה'),(50808,'2023-06-06 11:24:03.048991','2023-06-06 11:24:03.048991',3472,'ad00b76',1,'167f865c-8763-11ed-a031-1c1bb51f4c1c',0,NULL,'יהודה עזר לחברה בהפסקה'),(50809,'2023-06-06 11:25:51.075324','2023-06-06 11:25:51.075324',3472,'49e12d2',1,'167f865c-8763-11ed-a031-1c1bb51f4c1c',0,NULL,'היי'),(50810,'2023-06-06 11:26:12.777995','2023-06-06 11:26:12.777995',3472,'4a2e7a7',1,'167f865c-8763-11ed-a031-1c1bb51f4c1c',0,NULL,'יהודה עזר לחברה בהפסקה'),(50811,'2023-06-06 11:26:56.109864','2023-06-06 11:26:56.109864',3472,'63adcbb',1,'167f865c-8763-11ed-a031-1c1bb51f4c1c',0,NULL,'יהודה עזר לחברה בהפסקה'),(50812,'2023-06-06 11:28:00.326243','2023-06-06 11:28:00.326243',3472,'1b1e20c',1,'167f865c-8763-11ed-a031-1c1bb51f4c1c',0,NULL,'יהודה העשיר אותנו היום מחפצים הנמצאים בביתו'),(50813,'2023-06-06 11:29:21.691107','2023-06-06 11:29:21.691107',3472,'22c014b',1,'167f865c-8763-11ed-a031-1c1bb51f4c1c',0,NULL,'יהודה עזר לחברה בהפסקה'),(50814,'2023-06-06 11:29:59.831063','2023-06-06 11:29:59.831063',3468,'d807592',1,'167f865c-8763-11ed-a031-1c1bb51f4c1c',0,NULL,'הדר עזר לחברה בהפסקה'),(50815,'2023-06-06 11:31:31.572797','2023-06-06 11:31:31.572797',3480,'74773a6',1,'167f865c-8763-11ed-a031-1c1bb51f4c1c',0,NULL,'שיאל העשיר אותנו היום מחפצים הנמצאים בביתו'),(50816,'2023-06-06 11:34:33.483969','2023-06-06 11:34:33.483969',3477,'459ee20',1,'167f865c-8763-11ed-a031-1c1bb51f4c1c',0,NULL,'ליאם התייחס לדברי חבריו בשיעור ובזכותו התפתח דיון פורה'),(50817,'2023-06-06 11:36:18.077353','2023-06-06 11:36:18.077353',3483,'dfed7b4',1,'167f865c-8763-11ed-a031-1c1bb51f4c1c',0,NULL,'משה עזר לחברה בהפסקה'),(50818,'2023-06-06 11:37:07.884816','2023-06-06 11:37:07.884816',3493,'ef393a2',1,'167f865c-8763-11ed-a031-1c1bb51f4c1c',0,NULL,'אריה עזר לחברה בהפסקה'),(50819,'2023-06-06 11:37:24.795011','2023-06-06 11:37:24.795011',3478,'029df37',1,'167f865c-8763-11ed-a031-1c1bb51f4c1c',0,NULL,'ליעוז מגלה עצמאות ואחריות בלמידה.'),(50820,'2023-06-06 11:37:47.049348','2023-06-06 11:37:47.049348',3479,'2e5de2e',1,'167f865c-8763-11ed-a031-1c1bb51f4c1c',0,NULL,'היי ליאם'),(50821,'2023-06-06 11:38:02.110782','2023-06-06 11:38:02.110782',3489,'ea87c04',1,'167f865c-8763-11ed-a031-1c1bb51f4c1c',0,NULL,'היי עדי'),(50822,'2023-06-06 11:39:04.473820','2023-06-06 11:39:04.473820',3469,'d18503a',1,'167f865c-8763-11ed-a031-1c1bb51f4c1c',0,NULL,'היי רועי'),(50823,'2023-06-06 11:39:32.182964','2023-06-06 11:39:32.182964',28415,'03ee858',1,'167f865c-8763-11ed-a031-1c1bb51f4c1c',0,NULL,'היי משה'),(50824,'2023-06-06 11:39:52.490615','2023-06-06 11:39:52.490615',3476,'a285b5b',1,'167f865c-8763-11ed-a031-1c1bb51f4c1c',0,NULL,'היי מלאכי'),(50825,'2023-06-06 11:42:25.905597','2023-06-06 11:42:25.905597',3488,'a8893e6',1,'167f865c-8763-11ed-a031-1c1bb51f4c1c',0,NULL,'אברהם עזר לחברה בהפסקה'),(50826,'2023-06-06 11:42:53.624090','2023-06-06 11:42:53.624090',3482,'4aeedf9',1,'167f865c-8763-11ed-a031-1c1bb51f4c1c',0,NULL,'אושר עזר לחברה בהפסקה'),(50827,'2023-06-06 11:44:09.690185','2023-06-06 11:44:09.690185',3475,'64c7660',1,'167f865c-8763-11ed-a031-1c1bb51f4c1c',0,NULL,'שי עזר לחברה בהפסקה'),(50828,'2023-06-06 11:44:33.244709','2023-06-06 11:44:33.244709',28416,'14e835c',1,'167f865c-8763-11ed-a031-1c1bb51f4c1c',0,NULL,'מיכל עזרה לחבר בהפסקה'),(50829,'2023-06-06 11:45:38.497174','2023-06-06 11:45:38.497174',3466,'9f0500c',1,'167f865c-8763-11ed-a031-1c1bb51f4c1c',0,NULL,'מקסים העשיר אותנו היום מחפצים הנמצאים בביתו'),(50830,'2023-06-06 11:46:55.538567','2023-06-06 11:46:55.538567',28416,'63516e9',1,'167f865c-8763-11ed-a031-1c1bb51f4c1c',0,NULL,'מיכל עזרה לחבר בהפסקה'),(50831,'2023-06-06 11:47:16.423967','2023-06-06 11:47:16.423967',28415,'e155280',1,'167f865c-8763-11ed-a031-1c1bb51f4c1c',0,NULL,'משה העשיר אותנו היום מחפצים הנמצאים בביתו'),(50832,'2023-06-06 11:47:27.058360','2023-06-06 11:47:27.058360',28415,'a876d2d',1,'167f865c-8763-11ed-a031-1c1bb51f4c1c',0,NULL,'משה העשיר אותנו היום מחפצים הנמצאים בביתו'),(50833,'2023-06-06 11:48:24.599031','2023-06-06 11:48:24.599031',3485,'bc6f9ed',1,'167f865c-8763-11ed-a031-1c1bb51f4c1c',0,NULL,'אופיר עזר לחברה בהפסקה'),(50834,'2023-06-06 12:27:42.488129','2023-06-06 12:27:42.488129',3486,'3f9eb34',1,'167f865c-8763-11ed-a031-1c1bb51f4c1c',0,NULL,'היי'),(50835,'2023-06-06 12:27:53.968891','2023-06-06 12:27:53.968891',3487,'2edcb49',1,'167f865c-8763-11ed-a031-1c1bb51f4c1c',0,NULL,'יצחק עזר לחברה בהפסקה'),(50836,'2023-06-06 12:28:34.306678','2023-06-06 12:28:34.306678',3494,'ff25444',1,'167f865c-8763-11ed-a031-1c1bb51f4c1c',0,NULL,'היי'),(50837,'2023-06-06 12:28:48.385635','2023-06-06 12:28:48.385635',3471,'eca3952',1,'167f865c-8763-11ed-a031-1c1bb51f4c1c',0,NULL,'יעקב עזר לחברה בהפסקה'),(50838,'2023-06-06 12:29:38.029021','2023-06-06 12:29:38.029021',3471,'28c9e3b',1,'167f865c-8763-11ed-a031-1c1bb51f4c1c',0,NULL,'יעקב עזר לחברה בהפסקה'),(50839,'2023-06-06 12:33:12.835323','2023-06-06 12:33:12.835323',3474,'be877bc',1,'167f865c-8763-11ed-a031-1c1bb51f4c1c',0,NULL,'123'),(50840,'2023-06-06 12:33:25.970486','2023-06-06 12:33:25.970486',3477,'c34b240',1,'167f865c-8763-11ed-a031-1c1bb51f4c1c',0,NULL,'ליאם עזר לחברה בהפסקה'),(50841,'2023-06-06 12:33:56.561425','2023-06-06 12:33:56.561425',3479,'f954a5e',1,'167f865c-8763-11ed-a031-1c1bb51f4c1c',0,NULL,'ליאם עזר לחברה בהפסקה'),(50842,'2023-06-06 12:34:13.359849','2023-06-06 12:34:13.359849',3480,'70a2c88',1,'167f865c-8763-11ed-a031-1c1bb51f4c1c',0,NULL,'היי שיאל'),(50843,'2023-06-06 12:34:25.628977','2023-06-06 12:34:25.628977',3493,'01125ac',1,'167f865c-8763-11ed-a031-1c1bb51f4c1c',0,NULL,'אריה עזר לחברה בהפסקה'),(50844,'2023-06-06 12:34:54.356674','2023-06-06 12:34:54.356674',3483,'d6ba198',1,'167f865c-8763-11ed-a031-1c1bb51f4c1c',0,NULL,'היי'),(50845,'2023-06-06 12:35:08.274701','2023-06-06 12:35:08.274701',3484,'c94c381',1,'167f865c-8763-11ed-a031-1c1bb51f4c1c',0,NULL,'היי'),(50846,'2023-06-06 12:35:26.155301','2023-06-06 12:35:26.155301',3486,'adfe073',1,'167f865c-8763-11ed-a031-1c1bb51f4c1c',0,NULL,'עומר עזר לחברה בהפסקה'),(50847,'2023-06-06 12:35:49.470462','2023-06-06 12:35:49.470462',3487,'59a9aca',1,'167f865c-8763-11ed-a031-1c1bb51f4c1c',0,NULL,'יצחק הקריא היום טקסט לכל הכיתה בצורה רהוטה ומכובדת'),(50848,'2023-06-06 12:36:02.946268','2023-06-06 12:36:02.946268',3489,'3eb605b',1,'167f865c-8763-11ed-a031-1c1bb51f4c1c',0,NULL,'עדי העשיר אותנו היום מחפצים הנמצאים בביתו'),(50849,'2023-06-06 12:36:27.588941','2023-06-06 12:36:27.588941',3492,'f9be18b',1,'167f865c-8763-11ed-a031-1c1bb51f4c1c',0,NULL,'עדיאל עזר לחברה בהפסקה'),(50850,'2023-06-06 12:36:39.624893','2023-06-06 12:36:39.624893',3494,'80b77e5',1,'167f865c-8763-11ed-a031-1c1bb51f4c1c',0,NULL,'לביא עזר לחברה בהפסקה'),(50851,'2023-06-06 12:37:28.106386','2023-06-06 12:37:28.106386',3466,'392a082',1,'167f865c-8763-11ed-a031-1c1bb51f4c1c',0,NULL,'מקסים עזר לחברה בהפסקה'),(50852,'2023-06-06 12:37:53.361451','2023-06-06 12:37:53.361451',3468,'ec60666',1,'167f865c-8763-11ed-a031-1c1bb51f4c1c',0,NULL,'הדר עזר לחברה בהפסקה'),(50853,'2023-06-06 12:38:23.958288','2023-06-06 12:38:23.958288',3469,'d22d024',1,'167f865c-8763-11ed-a031-1c1bb51f4c1c',0,NULL,'רועי עזר לחברה בהפסקה'),(50854,'2023-06-06 12:38:38.985226','2023-06-06 12:38:38.985226',3470,'6c7d534',1,'167f865c-8763-11ed-a031-1c1bb51f4c1c',0,NULL,'ליאל עזר לחברה בהפסקה'),(50855,'2023-06-06 12:38:55.282156','2023-06-06 12:38:55.282156',3474,'d1a30bb',1,'167f865c-8763-11ed-a031-1c1bb51f4c1c',0,NULL,'טיאגו עזר לחברה בהפסקה'),(50856,'2023-06-06 12:52:06.718899','2023-06-06 12:52:06.718899',3480,'746f235',1,'167f865c-8763-11ed-a031-1c1bb51f4c1c',0,NULL,'שיאל העשיר אותנו היום מחפצים הנמצאים בביתו'),(50857,'2023-06-06 12:52:39.756618','2023-06-06 12:52:39.756618',3479,'50ed120',1,'167f865c-8763-11ed-a031-1c1bb51f4c1c',0,NULL,'ליאם העשיר אותנו היום מחפצים הנמצאים בביתו'),(50858,'2023-06-06 12:52:50.278128','2023-06-06 12:52:50.278128',3486,'4d48ab3',1,'167f865c-8763-11ed-a031-1c1bb51f4c1c',0,NULL,'עומר העשיר אותנו היום מחפצים הנמצאים בביתו'),(50859,'2023-06-06 12:53:13.036310','2023-06-06 12:53:13.036310',3477,'dbd3847',1,'167f865c-8763-11ed-a031-1c1bb51f4c1c',0,NULL,'ליאם העשיר אותנו היום מחפצים הנמצאים בביתו'),(50860,'2023-06-06 12:53:33.046122','2023-06-06 12:53:33.046122',3484,'5b812f2',1,'167f865c-8763-11ed-a031-1c1bb51f4c1c',0,NULL,'נועם העשיר אותנו היום מחפצים הנמצאים בביתו'),(50861,'2023-06-06 12:54:02.825191','2023-06-06 12:54:02.825191',3491,'ab52627',1,'167f865c-8763-11ed-a031-1c1bb51f4c1c',0,NULL,'אהרון העשיר אותנו היום מחפצים הנמצאים בביתו'),(50862,'2023-06-06 12:57:25.871463','2023-06-06 12:57:25.871463',3475,'b85f6f9',1,'167f865c-8763-11ed-a031-1c1bb51f4c1c',0,NULL,'שי עזר לחברה בהפסקה'),(50863,'2023-06-06 12:58:11.399159','2023-06-06 12:58:11.399159',3476,'8d10145',1,'167f865c-8763-11ed-a031-1c1bb51f4c1c',0,NULL,'מלאכי עזר לחברה בהפסקה'),(50864,'2023-06-06 14:13:27.657193','2023-06-06 14:13:27.657193',3485,'f579b20',1,'167f865c-8763-11ed-a031-1c1bb51f4c1c',0,NULL,'היוש'),(50865,'2023-06-06 14:13:44.263117','2023-06-06 14:13:44.263117',28415,'2bb59c4',1,'167f865c-8763-11ed-a031-1c1bb51f4c1c',0,NULL,'היי'),(50866,'2023-06-06 14:14:14.604137','2023-06-06 14:14:14.604137',28416,'19428e1',1,'167f865c-8763-11ed-a031-1c1bb51f4c1c',0,NULL,'היוש'),(50867,'2023-06-06 14:31:48.725948','2023-06-06 14:31:48.725948',3488,'aff0cd9',1,'167f865c-8763-11ed-a031-1c1bb51f4c1c',0,NULL,'אברהם העשיר אותנו היום מחפצים הנמצאים בביתו'),(50868,'2023-06-06 14:32:11.021922','2023-06-06 14:32:11.021922',3487,'e07a73e',1,'167f865c-8763-11ed-a031-1c1bb51f4c1c',0,NULL,'היי יצחק'),(50869,'2023-06-06 14:39:57.938747','2023-06-06 14:39:57.938747',3483,'c7bf8f1',1,'167f865c-8763-11ed-a031-1c1bb51f4c1c',0,NULL,'משה עזר לחברה בהפסקה'),(50870,'2023-06-06 14:40:14.007506','2023-06-06 14:40:14.007506',3488,'21edf2a',1,'167f865c-8763-11ed-a031-1c1bb51f4c1c',0,NULL,'אברהם מגלה עצמאות ואחריות בלמידה.'),(50871,'2023-06-06 14:40:26.993528','2023-06-06 14:40:26.993528',3488,'d517f00',1,'167f865c-8763-11ed-a031-1c1bb51f4c1c',0,NULL,'היי'),(50872,'2023-06-06 15:58:40.346023','2023-06-06 15:58:40.346023',28416,'4b90d5c',1,'167f840d-8763-11ed-a031-1c1bb51f4c1c',0,NULL,'מיכל עזרה לחבר בהפסקה'),(50873,'2023-06-06 15:58:50.812761','2023-06-06 15:58:50.812761',28416,'6c4f0b2',1,'167f840d-8763-11ed-a031-1c1bb51f4c1c',0,NULL,'מיכל עזרה לחבר בהפסקה'),(50874,'2023-06-06 15:59:26.226358','2023-06-06 15:59:26.226358',28416,'a468fe9',1,'167f840d-8763-11ed-a031-1c1bb51f4c1c',0,NULL,'מיכל עזרה לחבר בהפסקה'),(50875,'2023-06-06 15:59:34.477693','2023-06-06 15:59:34.477693',28416,'a7aba31',1,'167f840d-8763-11ed-a031-1c1bb51f4c1c',0,NULL,'מיכל מגלה עצמאות ואחריות בלמידה'),(50876,'2023-06-06 15:59:49.293960','2023-06-06 15:59:49.293960',28416,'a8f54fd',1,'167f840d-8763-11ed-a031-1c1bb51f4c1c',0,NULL,'מיכל הקריאה לכל הכיתה טקסט היום בצורה רהוטה ומכובדת'),(50877,'2023-06-06 16:00:27.582705','2023-06-06 16:00:27.582705',3492,'2ed3f26',1,'167f840d-8763-11ed-a031-1c1bb51f4c1c',0,NULL,'היי'),(50878,'2023-06-06 16:00:46.168639','2023-06-06 16:00:46.168639',28416,'aa49513',1,'167f840d-8763-11ed-a031-1c1bb51f4c1c',0,NULL,'היי'),(50879,'2023-06-06 16:00:53.694271','2023-06-06 16:00:53.694271',28416,'1107011',1,'167f840d-8763-11ed-a031-1c1bb51f4c1c',0,NULL,'מיכל עזרה לחבר בהפסקה'),(50880,'2023-06-08 12:08:23.534955','2023-06-08 12:08:23.534955',3478,'bb26c2f',1,'167f840d-8763-11ed-a031-1c1bb51f4c1c',0,NULL,'ליעוז עזר לחברה בהפסקה'),(50881,'2023-06-08 13:22:29.640213','2023-06-08 13:22:29.640213',3489,'2ade68e',1,'167f840d-8763-11ed-a031-1c1bb51f4c1c',0,NULL,'עדי עזר לחברה בהפסקה'),(50882,'2023-06-08 13:22:39.571286','2023-06-08 13:22:39.571286',3489,'52c6e87',1,'167f840d-8763-11ed-a031-1c1bb51f4c1c',0,NULL,'עדי העשיר אותנו היום מחפצים הנמצאים בביתו'),(50883,'2023-06-08 13:23:02.173861','2023-06-08 13:23:02.173861',3494,'485a860',1,'167f840d-8763-11ed-a031-1c1bb51f4c1c',0,NULL,'לביא עזר לחברה בהפסקה'),(50884,'2023-06-08 13:23:14.047135','2023-06-08 13:23:14.047135',3493,'bffb618',1,'167f840d-8763-11ed-a031-1c1bb51f4c1c',0,NULL,'אריה העשיר אותנו היום מחפצים הנמצאים בביתו'),(50885,'2023-06-08 13:24:54.605519','2023-06-08 13:24:54.605519',3466,'c7c618d',1,'167f840d-8763-11ed-a031-1c1bb51f4c1c',0,NULL,'מקסים מגלה עצמאות ואחריות בלמידה.'),(50886,'2023-06-08 14:38:00.553946','2023-06-08 14:38:00.553946',3468,'4fcbd09',1,'167f840d-8763-11ed-a031-1c1bb51f4c1c',0,NULL,'היוש'),(50887,'2023-06-08 14:38:13.862670','2023-06-08 14:38:13.862670',3469,'58ed84b',1,'167f840d-8763-11ed-a031-1c1bb51f4c1c',0,NULL,'רועי העשיר אותנו היום מחפצים הנמצאים בביתו'),(50888,'2023-06-08 14:48:32.464475','2023-06-08 14:48:32.464475',3485,'50c0c2a',1,'167f840d-8763-11ed-a031-1c1bb51f4c1c',0,NULL,'אופיר עזר לחברה בהפסקה'),(50889,'2023-06-08 14:49:08.979821','2023-06-08 14:49:08.979821',3491,'2f667c4',1,'167f840d-8763-11ed-a031-1c1bb51f4c1c',0,NULL,'אהרון עזר לחברה בהפסקה'),(50890,'2023-06-08 14:51:40.547943','2023-06-08 14:51:40.547943',3474,'37c3ca1',1,'167f840d-8763-11ed-a031-1c1bb51f4c1c',0,NULL,'טיאגו העשיר אותנו היום מחפצים הנמצאים בביתו'),(50891,'2023-06-08 14:55:39.692565','2023-06-08 14:55:39.692565',3485,'c9ace39',1,'167f840d-8763-11ed-a031-1c1bb51f4c1c',0,NULL,'אופיר עזר לחברה בהפסקה'),(50892,'2023-06-08 14:57:00.270238','2023-06-08 14:57:00.270238',3481,'3d47c32',1,'167f840d-8763-11ed-a031-1c1bb51f4c1c',0,NULL,'אימרי מגלה עצמאות ואחריות בלמידה.'),(50893,'2023-06-08 14:57:53.722283','2023-06-08 14:57:53.722283',3491,'304ad44',1,'167f840d-8763-11ed-a031-1c1bb51f4c1c',0,NULL,'אהרון מגלה עצמאות ואחריות בלמידה.'),(50894,'2023-06-08 15:00:45.471888','2023-06-08 15:00:45.471888',3491,'832aa60',1,'167f840d-8763-11ed-a031-1c1bb51f4c1c',0,NULL,'vhh');
/*!40000 ALTER TABLE `good_points` ENABLE KEYS */;
UNLOCK TABLES;

--
-- Table structure for table `goodpoint_preset`
--

DROP TABLE IF EXISTS `goodpoint_preset`;
/*!40101 SET @saved_cs_client     = @@character_set_client */;
/*!50503 SET character_set_client = utf8mb4 */;
CREATE TABLE `goodpoint_preset` (
  `goodpoint_id` int NOT NULL,
  `preset_message_id` int NOT NULL,
  `school_id` int NOT NULL,
  PRIMARY KEY (`goodpoint_id`,`preset_message_id`,`school_id`)
) ENGINE=InnoDB DEFAULT CHARSET=utf8mb4 COLLATE=utf8mb4_0900_ai_ci;
/*!40101 SET character_set_client = @saved_cs_client */;

--
-- Dumping data for table `goodpoint_preset`
--

LOCK TABLES `goodpoint_preset` WRITE;
/*!40000 ALTER TABLE `goodpoint_preset` DISABLE KEYS */;
INSERT INTO `goodpoint_preset` VALUES (50676,313,1),(50679,311,1),(50680,313,1),(50681,313,1),(50682,313,1),(50683,311,1),(50684,309,1),(50694,313,1),(50695,313,1),(50696,313,1),(50697,313,1),(50698,313,1),(50699,313,1),(50700,313,1),(50701,313,1),(50708,313,1),(50709,313,1),(50710,313,1),(50711,313,1),(50712,313,1),(50713,311,1),(50714,309,1),(50715,313,1),(50716,311,1),(50717,313,1),(50718,313,1),(50719,313,1),(50720,313,1),(50721,313,1),(50722,311,1),(50723,313,1),(50724,309,1),(50725,311,1),(50726,309,1),(50727,313,1),(50728,313,1),(50729,313,1),(50730,311,1),(50731,311,1),(50733,313,1),(50734,307,1),(50735,309,1),(50736,309,1),(50737,307,1),(50738,309,1),(50742,311,1),(50744,303,1),(50745,313,1),(50746,311,1),(50747,311,1),(50748,309,1),(50749,311,1),(50750,309,1),(50751,309,1),(50752,313,1),(50753,314,1),(50754,309,1),(50755,311,1),(50756,311,1),(50759,309,1),(50760,309,1),(50761,310,1),(50762,309,1),(50763,313,1),(50764,314,1),(50765,309,1),(50767,309,1),(50769,313,1),(50770,309,1),(50772,313,1),(50773,309,1),(50774,311,1),(50775,309,1),(50777,309,1),(50778,309,1),(50779,311,1),(50780,311,1),(50781,311,1),(50782,311,1),(50784,309,1),(50786,312,1),(50787,312,1),(50788,314,1),(50789,314,1),(50790,314,1),(50791,311,1),(50792,313,1),(50793,313,1),(50794,311,1),(50795,314,1),(50796,312,1),(50797,314,1),(50798,313,1),(50799,314,1),(50800,313,1),(50801,312,1),(50802,313,1),(50803,312,1),(50804,312,1),(50805,312,1),(50806,311,1),(50807,313,1),(50808,313,1),(50810,313,1),(50811,313,1),(50812,311,1),(50813,313,1),(50814,313,1),(50815,311,1),(50816,301,1),(50817,313,1),(50818,313,1),(50819,309,1),(50825,313,1),(50826,313,1),(50827,313,1),(50828,314,1),(50829,311,1),(50830,314,1),(50831,311,1),(50832,311,1),(50833,313,1),(50835,313,1),(50837,313,1),(50838,313,1),(50840,313,1),(50841,313,1),(50843,313,1),(50846,313,1),(50847,307,1),(50848,311,1),(50849,313,1),(50850,313,1),(50851,313,1),(50852,313,1),(50853,313,1),(50854,313,1),(50855,313,1),(50856,311,1),(50857,311,1),(50858,311,1),(50859,311,1),(50860,311,1),(50861,311,1),(50862,313,1),(50863,313,1),(50867,311,1),(50869,313,1),(50870,309,1),(50872,314,1),(50873,314,1),(50874,314,1),(50875,310,1),(50876,308,1),(50879,314,1),(50880,313,1),(50881,313,1),(50882,311,1),(50883,313,1),(50884,311,1),(50885,309,1),(50887,311,1),(50888,313,1),(50889,313,1),(50890,311,1),(50891,313,1),(50892,309,1),(50893,309,1);
/*!40000 ALTER TABLE `goodpoint_preset` ENABLE KEYS */;
UNLOCK TABLES;

--
-- Table structure for table `parent_phone`
--

DROP TABLE IF EXISTS `parent_phone`;
/*!40101 SET @saved_cs_client     = @@character_set_client */;
/*!50503 SET character_set_client = utf8mb4 */;
CREATE TABLE `parent_phone` (
  `student_id` int NOT NULL,
  `phone` varchar(255) NOT NULL,
  PRIMARY KEY (`student_id`,`phone`),
  CONSTRAINT `FK_88e7fd228423b70f6748c453906` FOREIGN KEY (`student_id`) REFERENCES `students` (`id`) ON DELETE CASCADE
) ENGINE=InnoDB DEFAULT CHARSET=utf8mb4 COLLATE=utf8mb4_0900_ai_ci;
/*!40101 SET character_set_client = @saved_cs_client */;

--
-- Dumping data for table `parent_phone`
--

LOCK TABLES `parent_phone` WRITE;
/*!40000 ALTER TABLE `parent_phone` DISABLE KEYS */;
INSERT INTO `parent_phone` VALUES (3485,'0545210111'),(3488,'0545210111'),(3491,'0525666430'),(28415,'0545210111'),(28416,'0545210111'),(28417,'0525666430'),(28418,'0523115873'),(28419,'0545555555'),(28420,'0545666666');
/*!40000 ALTER TABLE `parent_phone` ENABLE KEYS */;
UNLOCK TABLES;

--
-- Table structure for table `preset_messages`
--

DROP TABLE IF EXISTS `preset_messages`;
/*!40101 SET @saved_cs_client     = @@character_set_client */;
/*!50503 SET character_set_client = utf8mb4 */;
CREATE TABLE `preset_messages` (
  `id` int NOT NULL AUTO_INCREMENT,
  `created` datetime(6) DEFAULT CURRENT_TIMESTAMP(6),
  `modified` datetime(6) DEFAULT CURRENT_TIMESTAMP(6) ON UPDATE CURRENT_TIMESTAMP(6),
  `text` varchar(100) CHARACTER SET utf8mb4 COLLATE utf8mb4_0900_ai_ci NOT NULL,
  `preset_category` enum('social','emotional','educational','other') CHARACTER SET utf8mb4 COLLATE utf8mb4_0900_ai_ci NOT NULL,
  `gender` enum('MALE','FEMALE','OTHER','NONE') NOT NULL,
  `lang` enum('he','ar') NOT NULL,
  `school_id` int DEFAULT NULL,
  `creator_id` varchar(36) DEFAULT NULL,
  PRIMARY KEY (`id`),
  KEY `FK_f4c4d6571c6356f194373a76841` (`creator_id`),
  KEY `FK_2a936f3cd0407aa96b713ec65c4` (`school_id`),
  CONSTRAINT `FK_2a936f3cd0407aa96b713ec65c4` FOREIGN KEY (`school_id`) REFERENCES `school` (`id`),
  CONSTRAINT `FK_f4c4d6571c6356f194373a76841` FOREIGN KEY (`creator_id`) REFERENCES `user` (`id`) ON DELETE CASCADE
) ENGINE=InnoDB AUTO_INCREMENT=467 DEFAULT CHARSET=utf8mb4 COLLATE=utf8mb4_0900_ai_ci;
/*!40101 SET character_set_client = @saved_cs_client */;

--
-- Dumping data for table `preset_messages`
--

LOCK TABLES `preset_messages` WRITE;
/*!40000 ALTER TABLE `preset_messages` DISABLE KEYS */;
INSERT INTO `preset_messages` VALUES (2,'2019-11-10 11:20:47.000000',NULL,'התלמיד השתתף בשיעור בצורה יוצאת דופן','educational','MALE','he',NULL,NULL),(13,'2019-12-04 13:10:00.000000',NULL,'התלמיד הכין שיעורי בית ','educational','MALE','he',NULL,NULL),(77,'2020-01-20 12:25:32.000000',NULL,'התלמידה השתתפה בשיעור בצורה יוצאת דופן','educational','FEMALE','he',NULL,NULL),(190,'2020-04-05 11:00:38.000000',NULL,'התלמידה שיתפה את','social','FEMALE','he',NULL,NULL),(191,'2020-04-05 11:00:53.000000',NULL,'התלמיד שיתף את','social','MALE','he',NULL,NULL),(233,'2020-05-25 12:34:59.000000','2023-01-22 15:58:38.363588','התלמיד ממש נחמד היום','social','MALE','he',NULL,'167f8550-8763-11ed-a031-1c1bb51f4c1c'),(234,'2020-05-25 12:35:45.000000','2023-01-22 15:58:38.363588','היום בבוקר נכנסתי ','social','NONE','he',NULL,'167f8550-8763-11ed-a031-1c1bb51f4c1c'),(235,'2020-05-27 18:47:44.000000',NULL,'התלמיד הכין שיעורי בית','educational','MALE','he',NULL,NULL),(236,'2020-05-27 18:48:25.000000',NULL,'התלמיד שאל שאלה יפה היום בשיעור','educational','MALE','he',NULL,NULL),(237,'2020-05-27 18:48:46.000000',NULL,'התלמידה שאלה שאלה יפה בשיעור','educational','FEMALE','he',NULL,NULL),(238,'2020-05-27 18:49:15.000000',NULL,'התלמיד ענה תשובה יפה בשיעור','educational','MALE','he',NULL,NULL),(239,'2020-05-27 18:49:37.000000',NULL,'התלמידה ענתה תשובה יפה בשיעור','educational','FEMALE','he',NULL,NULL),(240,'2020-05-27 18:50:03.000000',NULL,'התלמיד העביר לנו היום שיעור מרתק בנושא','educational','MALE','he',NULL,NULL),(241,'2020-05-27 18:50:26.000000',NULL,'התלמידה העבירה לנו שיעור מרתק בנושא','educational','FEMALE','he',NULL,NULL),(242,'2020-05-27 18:51:09.000000',NULL,'התלמיד השקיע היום במשימה שניתנה בכיתה','educational','MALE','he',NULL,NULL),(243,'2020-05-27 18:51:50.000000',NULL,'התלמידה השקיעה היום במשימה שניתנה בכיתה','educational','FEMALE','he',NULL,NULL),(244,'2020-05-27 18:52:22.000000',NULL,'התלמיד גילה רגישות מיוחדת לחבר','emotional','MALE','he',NULL,NULL),(245,'2020-05-27 18:52:43.000000',NULL,'התלמידה גילתה רגישות לחברה ','emotional','FEMALE','he',NULL,NULL),(246,'2020-05-27 18:53:19.000000',NULL,'התלמיד הגיש עזרה לחבר בהפסקה','social','MALE','he',NULL,NULL),(247,'2020-05-27 18:53:44.000000',NULL,'התלמידה הגישה עזרה לחברה היום בהפסקה','social','FEMALE','he',NULL,NULL),(248,'2020-05-27 18:54:11.000000',NULL,'התלמיד התגבר היום על קושי ','emotional','MALE','he',NULL,NULL),(249,'2020-05-27 18:54:28.000000',NULL,'התלמידה התגברה היום על קושי','emotional','FEMALE','he',NULL,NULL),(250,'2020-05-27 18:54:45.000000',NULL,'התלמיד גילה בגרות','emotional','MALE','he',NULL,NULL),(251,'2020-05-27 18:55:00.000000',NULL,'התלמידה גילתה אחריות','emotional','FEMALE','he',NULL,NULL),(252,'2020-05-27 18:55:17.000000',NULL,'התלמיד גילה אחריות','emotional','MALE','he',NULL,NULL),(253,'2020-05-27 18:55:36.000000',NULL,'התלמידה גילתה בגרות','emotional','FEMALE','he',NULL,NULL),(254,'2020-05-27 18:55:55.000000',NULL,'התלמיד התנדב היום לעזור','emotional','MALE','he',NULL,NULL),(255,'2020-05-27 18:56:15.000000',NULL,'התלמידה התנדבה היום לעזור','emotional','FEMALE','he',NULL,NULL),(256,'2020-05-27 18:56:47.000000',NULL,'התלמיד ויתר לחברו','social','MALE','he',NULL,NULL),(257,'2020-05-27 18:57:05.000000',NULL,'התלמידה ויתרה לחברתה','social','FEMALE','he',NULL,NULL),(258,'2020-05-27 18:57:25.000000',NULL,'התלמיד גילה כושר מנהיגות','social','MALE','he',NULL,NULL),(259,'2020-05-27 18:57:42.000000',NULL,'התלמידה גילתה כושר מנהיגות','social','FEMALE','he',NULL,NULL),(260,'2020-05-27 19:23:07.000000','2023-01-22 15:58:38.363588','התלמיד הביע את ','emotional','MALE','he',NULL,'167f8550-8763-11ed-a031-1c1bb51f4c1c'),(261,'2020-05-27 19:23:19.000000','2023-01-22 15:58:38.363588','התלמידה הביעה את ','emotional','FEMALE','he',NULL,'167f8550-8763-11ed-a031-1c1bb51f4c1c'),(262,'2020-05-27 19:26:09.000000','2023-01-22 15:58:38.363588','התלמיד עבד ולמד עם חבר ','social','MALE','he',NULL,'167f8550-8763-11ed-a031-1c1bb51f4c1c'),(263,'2020-05-27 19:26:29.000000','2023-01-22 15:58:38.363588','התלמידה עבדה ולמדה עם חברה ','social','FEMALE','he',NULL,'167f8550-8763-11ed-a031-1c1bb51f4c1c'),(264,'2020-05-27 19:28:40.000000','2023-01-22 15:58:38.363588','התלמיד הקשיב בסקרנות ועניין','educational','MALE','he',NULL,'167f8550-8763-11ed-a031-1c1bb51f4c1c'),(265,'2020-05-27 19:28:56.000000','2023-01-22 15:58:38.363588','התלמידה הקשיבה בסקרנות ועניין ','educational','FEMALE','he',NULL,'167f8550-8763-11ed-a031-1c1bb51f4c1c'),(266,'2020-05-27 19:31:24.000000','2023-01-22 15:58:38.363588','התלמיד התנהג בדרך ארץ וכבוד ','other','MALE','he',NULL,'167f8550-8763-11ed-a031-1c1bb51f4c1c'),(267,'2020-05-27 19:31:37.000000','2023-01-22 15:58:38.363588','התלמידה התנהגה בדרך ארץ וכבוד','other','FEMALE','he',NULL,'167f8550-8763-11ed-a031-1c1bb51f4c1c'),(268,'2020-05-27 19:32:31.000000','2023-01-22 15:58:38.363588','התלמיד פירגן ','social','MALE','he',NULL,'167f8550-8763-11ed-a031-1c1bb51f4c1c'),(269,'2020-05-27 19:32:39.000000','2023-01-22 15:58:38.363588','התלמידה פירגנה ','social','FEMALE','he',NULL,'167f8550-8763-11ed-a031-1c1bb51f4c1c'),(271,'2020-06-03 05:09:54.000000','2023-01-22 15:58:38.363588','התלמידה מתעמלת יפה וברצון והתקדמה מאוד','other','FEMALE','he',NULL,'167f8550-8763-11ed-a031-1c1bb51f4c1c'),(272,'2020-06-03 05:33:29.000000',NULL,'התלמיד הקשיב בסקרנות ובעניין','educational','MALE','he',NULL,NULL),(273,'2020-06-03 05:33:59.000000',NULL,'התלמידה הקשיבה בסקרנות ובעניין','educational','FEMALE','he',NULL,NULL),(276,'2020-06-03 05:48:37.000000',NULL,'התלמיד מקפיד על סדר וארגון ','educational','MALE','he',NULL,NULL),(277,'2020-06-03 05:50:43.000000',NULL,'התלמידה מקפידה על סדר ונקיון ','educational','FEMALE','he',NULL,NULL),(283,'2020-06-03 08:10:31.000000',NULL,'התלמיד קיבל תפקיד בכיתה וממלא אותו באחריות','other','MALE','he',NULL,NULL),(284,'2020-06-03 08:11:20.000000',NULL,'התלמידה קיבלה תפקיד בכיתה וממלאת אותו באחריות','other','FEMALE','he',NULL,NULL),(285,'2020-06-15 06:30:41.000000','2023-01-22 15:58:38.363588','התלמיד מאוד משתדל ומשתתף בשיעור.','other','MALE','he',NULL,'167f8550-8763-11ed-a031-1c1bb51f4c1c'),(286,'2020-06-15 06:33:18.000000','2023-01-22 15:58:38.363588','התלמידה מאוד משתדלת ומשתתפת בשיעור','other','FEMALE','he',NULL,'167f8550-8763-11ed-a031-1c1bb51f4c1c'),(287,'2020-06-15 06:37:42.000000','2023-01-22 15:58:38.363588','מגלה הריצות ונכונות למאמץ','other','NONE','he',NULL,'167f8550-8763-11ed-a031-1c1bb51f4c1c'),(289,'2020-09-22 12:36:34.000000',NULL,'התלמיד השתתף היום באופן פעיל בשיעור הזום','other','MALE','he',NULL,NULL),(290,'2020-09-22 12:37:01.000000',NULL,'התלמידה השתתפה היום באופן פעיל בזום','other','FEMALE','he',NULL,NULL),(291,'2020-09-22 12:39:05.000000',NULL,'התלמיד הגיע בזמן לשיעור הזום','other','MALE','he',NULL,NULL),(292,'2020-09-22 12:39:31.000000',NULL,'התלמידה הגיעה היום בזמן לשיעור הלמידה בזום','other','FEMALE','he',NULL,NULL),(293,'2020-09-22 12:41:02.000000',NULL,'התלמיד עזר לנו היום לפתור בעיה טכנית בזום','other','MALE','he',NULL,NULL),(294,'2020-09-22 12:41:24.000000',NULL,'התלמידה עזרה לנו היום לפתור בעיה טכנית בזום','other','FEMALE','he',NULL,NULL),(295,'2020-09-22 12:42:28.000000',NULL,'התלמיד מילא היום את כל משימות הלמידה מרחוק בחריצות וביעילות.','other','MALE','he',NULL,NULL),(296,'2020-09-22 12:42:54.000000',NULL,'התלמידה מילאה היום את כל משימות הלמידה מרחוק בחריצות וביעילות.','other','FEMALE','he',NULL,NULL),(297,'2020-09-22 12:45:25.000000',NULL,'התלמיד מגלה כוחות חדשים וייחודייםבתקופה מאתגרת זו.','other','MALE','he',NULL,NULL),(298,'2020-09-22 12:46:00.000000',NULL,'התלמידה מגלה כוחות חדשים וייחודיים בתקופה מאתגרת זו.','other','FEMALE','he',NULL,NULL),(299,'2020-09-22 12:46:47.000000',NULL,'התלמיד שיתף אותנו באופן כנה ובוגר ברגשותיו.','other','MALE','he',NULL,NULL),(300,'2020-09-22 12:47:26.000000',NULL,'התלמידה שיתפה אותנו באופן כנה ובוגר ברגשותיה.','other','FEMALE','he',NULL,NULL),(301,'2020-09-22 12:49:47.000000',NULL,'התלמיד התייחס לדברי חבריו בשיעור ובזכותו התפתח דיון פורה','other','MALE','he',NULL,NULL),(302,'2020-09-22 12:50:45.000000',NULL,'התלמידה התייחסה לדברי חבריה בשיעור ובזכותה התפתח דיון פורה','other','FEMALE','he',NULL,NULL),(303,'2020-09-22 12:51:38.000000',NULL,'שמחתי לראות את התלמיד נוכח ומחייך היום בשיעור ','other','MALE','he',NULL,NULL),(304,'2020-09-22 12:52:09.000000',NULL,'שמחתי לראות את התלמידה נוכחת ומחייכת היום בשיעור ','other','FEMALE','he',NULL,NULL),(305,'2020-09-22 12:53:05.000000',NULL,'התלמיד משתמש יפה באפשרויות הטכנולוגיות כדי לקבל את רשות הדיבור.','other','MALE','he',NULL,NULL),(306,'2020-09-22 12:53:42.000000',NULL,'התלמידה משתמשת יפה באפשרויות הטכנולוגיות כדי לקבל את רשות הדיבור.','other','FEMALE','he',NULL,NULL),(307,'2020-09-22 12:55:39.000000',NULL,'התלמיד הקריא היום טקסט לכל הכיתה בצורה רהוטה ומכובדת','other','MALE','he',NULL,NULL),(308,'2020-09-22 12:56:10.000000',NULL,'התלמידה הקריאה לכל הכיתה טקסט היום בצורה רהוטה ומכובדת','other','FEMALE','he',NULL,NULL),(309,'2020-09-22 12:57:06.000000',NULL,'התלמיד מגלה עצמאות ואחריות בלמידה.','other','MALE','he',NULL,NULL),(310,'2020-09-22 12:57:35.000000',NULL,'התלמידה מגלה עצמאות ואחריות בלמידה','other','FEMALE','he',NULL,NULL),(311,'2020-09-22 12:58:17.000000',NULL,'התלמיד העשיר אותנו היום מחפצים הנמצאים בביתו','other','MALE','he',NULL,NULL),(312,'2020-09-22 12:58:39.000000',NULL,'התלמידה העשירה אותנו היום מחפצים הנמצאים בביתה','other','FEMALE','he',NULL,NULL),(313,'2020-12-24 13:14:07.000000',NULL,'התלמיד עזר לחברה בהפסקה','social','MALE','he',NULL,NULL),(314,'2020-12-24 13:14:35.000000',NULL,'התלמידה עזרה לחבר בהפסקה','social','FEMALE','he',NULL,NULL),(315,'2021-02-07 08:10:20.000000','2023-01-22 15:58:38.363588','עבד והשתתף בשיעור , גאה בה','educational','NONE','he',NULL,'167f8550-8763-11ed-a031-1c1bb51f4c1c'),(318,'2021-03-01 11:29:04.000000','2023-01-22 15:58:38.363588','התלמידה היקרה למדה ועבדה יפה בשיעור אנגלית.','educational','FEMALE','he',NULL,'167f8550-8763-11ed-a031-1c1bb51f4c1c'),(319,'2021-03-01 11:29:26.000000','2023-01-22 15:58:38.363588','התלמיד היקר למד ועבד יפה בשיעור אנגלית.','educational','MALE','he',NULL,'167f8550-8763-11ed-a031-1c1bb51f4c1c'),(320,'2021-03-01 11:29:51.000000','2023-01-22 15:58:38.363588','התלמיד המתוק השתתף יפה בשיעור אנגלית','educational','MALE','he',NULL,'167f8550-8763-11ed-a031-1c1bb51f4c1c'),(321,'2021-03-01 11:30:20.000000','2023-01-22 15:58:38.363588','התלמידה המקסימה השתתפה יפה בשיעור אנגלית.','educational','FEMALE','he',NULL,'167f8550-8763-11ed-a031-1c1bb51f4c1c'),(322,'2021-03-06 20:15:10.000000','2023-01-22 15:58:38.363588','התלמיד שיחק יפה עם חבריו במהלך ההפסקה','social','MALE','he',NULL,'167f8550-8763-11ed-a031-1c1bb51f4c1c'),(323,'2021-03-06 20:16:05.000000','2023-01-22 15:58:38.363588','התלמיד ביצע מטלה לימודית באופן רציני ויסודי','educational','MALE','he',NULL,'167f8550-8763-11ed-a031-1c1bb51f4c1c'),(324,'2021-03-06 20:17:32.000000','2023-01-22 15:58:38.363588','התלמיד השתתף במהלך השיעור ותרם מידיעותיו','educational','MALE','he',NULL,'167f8550-8763-11ed-a031-1c1bb51f4c1c'),(326,'2021-03-07 19:11:04.000000','2023-01-22 15:58:38.363588','התלמיד מעורה בחברת הילדים ומגלה יחס טוב והוגן כלפי חבריו.  ','social','MALE','he',NULL,'167f8550-8763-11ed-a031-1c1bb51f4c1c'),(327,'2021-03-07 19:13:02.000000','2023-01-22 15:58:38.363588','התלמיד מגלה עניין רב במתרחש בכיתה, עובד יפה ובאופן עצמאי ומבצע את המשימות הלימודיות בצורה טובה. ','educational','MALE','he',NULL,'167f8550-8763-11ed-a031-1c1bb51f4c1c'),(329,'2021-03-07 19:14:37.000000','2023-01-22 15:58:38.363588','התלמיד בעל מוטיבציה רבה, עובד בחריצות ובהתמדה.','educational','MALE','he',NULL,'167f8550-8763-11ed-a031-1c1bb51f4c1c'),(330,'2021-03-07 19:20:35.000000','2023-01-22 15:58:38.363588','נהנתי לראות את התלמיד משחק עם חבריו במהלך ההפסקה','social','MALE','he',NULL,'167f8550-8763-11ed-a031-1c1bb51f4c1c'),(331,'2021-03-07 19:26:21.000000','2023-01-22 15:58:38.363588','התלמיד התפלל היום בכוונה רבה ושימש דוגמא לכל הכיתה','other','MALE','he',NULL,'167f8550-8763-11ed-a031-1c1bb51f4c1c'),(332,'2021-03-07 19:35:04.000000','2023-01-22 15:58:38.363588','התלמיד מגלה נכונות לעזור לזולת','social','MALE','he',NULL,'167f8550-8763-11ed-a031-1c1bb51f4c1c'),(334,'2021-03-07 19:44:36.000000','2023-01-22 15:58:38.363588','התלמידה מגלה נכונות לעזור לזולת','social','FEMALE','he',NULL,'167f8550-8763-11ed-a031-1c1bb51f4c1c'),(335,'2021-03-07 19:45:13.000000','2023-01-22 15:58:38.363588','התלמידה מעורה בחברת הילדים ומגלה יחס טוב והוגן כלפי חבריה.  ','social','FEMALE','he',NULL,'167f8550-8763-11ed-a031-1c1bb51f4c1c'),(336,'2021-03-07 19:45:34.000000','2023-01-22 15:58:38.363588','התלמיד תורם רבות לדיונים בכיתה','educational','MALE','he',NULL,'167f8550-8763-11ed-a031-1c1bb51f4c1c'),(337,'2021-03-07 19:45:49.000000','2023-01-22 15:58:38.363588','התלמידה תורמת רבות לדיונים בכיתה','educational','FEMALE','he',NULL,'167f8550-8763-11ed-a031-1c1bb51f4c1c'),(338,'2021-03-07 19:46:13.000000','2023-01-22 15:58:38.363588','התלמידה בעלת מוטיבציה רבה, עובדת בחריצות ובהתמדה.','educational','FEMALE','he',NULL,'167f8550-8763-11ed-a031-1c1bb51f4c1c'),(339,'2021-03-07 19:46:34.000000','2023-01-22 15:58:38.363588','התלמידה מגלה עניין רב במתרחש בכיתה, עובדת יפה ובאופן עצמאי ומבצעת את המשימות הלימודיות בצורה טובה. ','educational','FEMALE','he',NULL,'167f8550-8763-11ed-a031-1c1bb51f4c1c'),(340,'2021-03-07 19:47:08.000000','2023-01-22 15:58:38.363588','התלמידה השתתפה במהלך השיעור ותרמה מידיעותיה.','educational','FEMALE','he',NULL,'167f8550-8763-11ed-a031-1c1bb51f4c1c'),(341,'2021-03-07 19:47:28.000000','2023-01-22 15:58:38.363588','התלמידה ביצעה מטלה לימודית באופן רציני ויסודי.','educational','FEMALE','he',NULL,'167f8550-8763-11ed-a031-1c1bb51f4c1c'),(342,'2021-03-07 19:48:10.000000','2023-01-22 15:58:38.363588','התלמידה שיחקה יפה עם חבריה במהלך ההפסקה','social','FEMALE','he',NULL,'167f8550-8763-11ed-a031-1c1bb51f4c1c'),(343,'2021-03-07 19:51:11.000000','2023-01-22 15:58:38.363588','התלמיד מגלה רגישות ואכפתיות לצורכי האחר. ','emotional','MALE','he',NULL,'167f8550-8763-11ed-a031-1c1bb51f4c1c'),(344,'2021-03-07 19:51:30.000000','2023-01-22 15:58:38.363588','התלמידה מגלה רגישות ואכפתיות לצורכי האחר. ','emotional','FEMALE','he',NULL,'167f8550-8763-11ed-a031-1c1bb51f4c1c'),(345,'2021-03-07 20:01:35.000000','2023-01-22 15:58:38.363588','התלמיד לומד מתוך סקרנות ועניין ומקפיד לבצע את המטלות הלימודיות בצורה רצינית ויסודית. ','educational','MALE','he',NULL,'167f8550-8763-11ed-a031-1c1bb51f4c1c'),(346,'2021-03-07 20:02:11.000000','2023-01-22 15:58:38.363588','התלמידה לומדת מתוך סקרנות ועניין ומקפידה לבצע את המטלות הלימודיות בצורה רצינית ויסודית','educational','FEMALE','he',NULL,'167f8550-8763-11ed-a031-1c1bb51f4c1c'),(347,'2021-03-07 20:03:25.000000','2023-01-22 15:58:38.363588','התלמיד תורם רבות לאווירה נעימה בכיתתנו. ','emotional','MALE','he',NULL,'167f8550-8763-11ed-a031-1c1bb51f4c1c'),(348,'2021-03-07 20:03:41.000000','2023-01-22 15:58:38.363588','התלמידה תורמת רבות לאווירה נעימה בכיתתנו. ','emotional','FEMALE','he',NULL,'167f8550-8763-11ed-a031-1c1bb51f4c1c'),(350,'2021-03-07 20:14:51.000000','2023-01-22 15:58:38.363588','התלמידה מעורה בחברת הילדים ומגלה יחס טוב והוגן כלפי חבריה.  ','social','FEMALE','he',NULL,'167f8550-8763-11ed-a031-1c1bb51f4c1c'),(351,'2021-03-07 20:15:58.000000','2023-01-22 15:58:38.363588','נהנתי לראות את התלמידה משחקת יפה במהלך ההפסקה.','social','FEMALE','he',NULL,'167f8550-8763-11ed-a031-1c1bb51f4c1c'),(352,'2021-11-07 07:23:48.000000','2023-01-22 15:58:38.363588','התלמידה התעוררה בזמן לזום הבוקר','educational','FEMALE','he',NULL,'167f8550-8763-11ed-a031-1c1bb51f4c1c'),(353,'2021-11-07 07:24:04.000000','2023-01-22 15:58:38.363588','התלמיד התעורר בזמן לזום הבוקר','educational','MALE','he',NULL,'167f8550-8763-11ed-a031-1c1bb51f4c1c'),(354,'2021-11-08 19:09:09.000000','2023-01-22 15:58:38.363588','התלמיד עבד בשיתוף פעולה פורה עם חבריו','social','MALE','he',NULL,'167f8550-8763-11ed-a031-1c1bb51f4c1c'),(355,'2021-11-09 23:08:47.000000','2023-01-22 15:58:38.363588','התלמיד שמח בשיעור ותורם לנו בהשתתפותו','other','MALE','he',NULL,'167f8550-8763-11ed-a031-1c1bb51f4c1c'),(356,'2021-11-10 16:36:18.000000','2023-01-22 15:58:38.363588','מגלה בגרות בהתנהגותו בדרך ארץ יוצאים מן הכלל','other','NONE','he',NULL,'167f8550-8763-11ed-a031-1c1bb51f4c1c'),(357,'2021-11-11 11:06:19.000000','2023-01-22 15:58:38.363588','הבוקר נפתח בתפילה זכה, והכל בזכות התלמיד.','other','MALE','he',NULL,'167f8550-8763-11ed-a031-1c1bb51f4c1c'),(358,'2021-11-25 15:39:17.000000',NULL,'الطالب قام بأداء وظيفته بمسؤولية تامة','other','MALE','ar',NULL,NULL),(359,'2021-11-25 15:39:25.000000',NULL,'إشترك الطالب في التعلّم عن بُعد بشكل فعّال','other','MALE','ar',NULL,NULL),(360,'2021-11-25 15:39:26.000000',NULL,'الطالب فتح درس الزوم في الوقت المحدد','other','MALE','ar',NULL,NULL),(361,'2021-11-25 15:39:26.000000',NULL,'ساعد الطالب صديقه في التعامل مع مشكلة في الحاسوب (الزوم)','other','MALE','ar',NULL,NULL),(362,'2021-11-25 15:39:26.000000',NULL,'الطالب استعمل الخليوي كي يجيب على الاسئلة التي وجهت له عبر البرنامج المحوسب','other','MALE','ar',NULL,NULL),(363,'2021-11-25 15:39:26.000000',NULL,'الطالبة قامت بأداء وظيفتها بمسؤولية تامة','other','FEMALE','ar',NULL,NULL),(364,'2021-11-25 15:39:27.000000',NULL,'إشتركت الطالبة في التعلّم عن بُعد بشكل فعّال','other','FEMALE','ar',NULL,NULL),(365,'2021-11-25 15:39:27.000000',NULL,'الطالبة فتحت درس الزوم في الوقت المحدد','other','FEMALE','ar',NULL,NULL),(366,'2021-11-25 15:39:27.000000',NULL,'ساعدت الطالبة صديقتها في التعامل مع مشكلة في الحاسوب (الزوم)','other','FEMALE','ar',NULL,NULL),(367,'2021-11-25 15:39:28.000000',NULL,'الطالبة استعملت الخليوي كي تجيب على الاسئلة التي وجهت لها عبر البرنامج المحوسب','other','FEMALE','ar',NULL,NULL),(368,'2021-11-25 15:39:28.000000',NULL,'إشتراك الطّالبة في الدرس بصورة ممتازة','educational','FEMALE','ar',NULL,NULL),(369,'2021-11-25 15:39:28.000000',NULL,'الطالبة حضّرت وظائفها بصورة جيدة','educational','FEMALE','ar',NULL,NULL),(370,'2021-11-25 15:39:29.000000',NULL,'الطالبة اجابت على الاسئلة التي وجهها المعلم لها اثناء الدرس','educational','FEMALE','ar',NULL,NULL),(371,'2021-11-25 15:39:29.000000',NULL,'إشتراك فعّال خلال الدرس','educational','FEMALE','ar',NULL,NULL),(372,'2021-11-25 15:39:29.000000',NULL,'الطالبة  نفذت المهام التي القيت عليها اثناء الدرس','educational','FEMALE','ar',NULL,NULL),(373,'2021-11-25 15:39:29.000000',NULL,'الطالبة كتبت ملاحظات على الدفتر اثناء الدرس','educational','FEMALE','ar',NULL,NULL),(374,'2021-11-25 15:39:30.000000',NULL,'إشتراك الطّالب في الدرس بصورة ممتازة','educational','MALE','ar',NULL,NULL),(375,'2021-11-25 15:39:30.000000',NULL,'الطالب حضّر وظائفه بصورة جيدة','educational','MALE','ar',NULL,NULL),(376,'2021-11-25 15:39:30.000000',NULL,'الطالب اجاب على الاسئلة التي وجهها المعلم له اثناء الدرس','educational','MALE','ar',NULL,NULL),(377,'2021-11-25 15:39:31.000000',NULL,'إشتراك فعّال خلال الدرس','educational','MALE','ar',NULL,NULL),(378,'2021-11-25 15:39:31.000000',NULL,'الطالب نفذ المهام التي القيت عليه اثناء الدرس','educational','MALE','ar',NULL,NULL),(379,'2021-11-25 15:39:31.000000',NULL,'الطالب كتب ملاحظات على الدفتر اثناء الدرس','educational','MALE','ar',NULL,NULL),(380,'2021-11-25 15:39:32.000000',NULL,'الطالب حساس لباقي الزملاء','emotional','MALE','ar',NULL,NULL),(381,'2021-11-25 15:39:32.000000',NULL,'االطالب تغلب اليوم على صعوبات واجهته','emotional','MALE','ar',NULL,NULL),(382,'2021-11-25 15:39:32.000000',NULL,'الطالب اظهر سلوك كطالب بالغ في المدرسة','emotional','MALE','ar',NULL,NULL),(383,'2021-11-25 15:39:32.000000',NULL,'لدى الطالب القدرة لتقبل الانتقادات','emotional','MALE','ar',NULL,NULL),(384,'2021-11-25 15:39:33.000000',NULL,'الطالبة حساسة لباقي الزميلات','emotional','FEMALE','ar',NULL,NULL),(385,'2021-11-25 15:39:33.000000',NULL,'االطالبة تغلبت اليوم على صعوبات واجهتها','emotional','FEMALE','ar',NULL,NULL),(386,'2021-11-25 15:39:33.000000',NULL,'الطالبة اظهر سلوك كطالبة بالغة في المدرسة','emotional','FEMALE','ar',NULL,NULL),(387,'2021-11-25 15:39:33.000000',NULL,'لدى الطالبة القدرة لتقبل الانتقادات','emotional','FEMALE','ar',NULL,NULL),(388,'2021-11-25 15:39:34.000000',NULL,'الطالبة تشارك مع صديقاتها في الاستراحة','social','FEMALE','ar',NULL,NULL),(389,'2021-11-25 15:39:34.000000',NULL,'الطالبة تتعاون مع صديقاتها','social','FEMALE','ar',NULL,NULL),(390,'2021-11-25 15:39:34.000000',NULL,'الطالبة تملك روح القيادة','social','FEMALE','ar',NULL,NULL),(391,'2021-11-25 15:39:35.000000',NULL,'الطالبة متسامحة مع الآخرين','social','FEMALE','ar',NULL,NULL),(392,'2021-11-25 15:39:35.000000',NULL,'الطالبة تحترم الاخرين','social','FEMALE','ar',NULL,NULL),(393,'2021-11-25 15:39:35.000000',NULL,'الطالبا لديها روح التطوع','social','FEMALE','ar',NULL,NULL),(394,'2021-11-25 15:39:35.000000',NULL,'الطالبة تشجع زميلاتها اثناء القيام بمهام تعليمية','social','FEMALE','ar',NULL,NULL),(395,'2021-11-25 15:39:36.000000',NULL,'الطالب يتشارك مع اصدقاءه في الاستراحة','social','MALE','ar',NULL,NULL),(396,'2021-11-25 15:39:36.000000',NULL,'الطالب يتعاون مع اصدقاءه','social','MALE','ar',NULL,NULL),(397,'2021-11-25 15:39:36.000000',NULL,'الطالب يملك روح  القيادة','social','MALE','ar',NULL,NULL),(398,'2021-11-25 15:39:36.000000',NULL,'الطالب متسامح مع الآخرين','social','MALE','ar',NULL,NULL),(399,'2021-11-25 15:39:37.000000',NULL,'الطالب يحترم الاخرين','social','MALE','ar',NULL,NULL),(400,'2021-11-25 15:39:37.000000',NULL,'الطالب لديه روح التطوع','social','MALE','ar',NULL,NULL),(401,'2021-11-25 15:39:37.000000',NULL,'الطالب يشجع زملاءه اثناء القيام بمهام تعليمية','social','MALE','ar',NULL,NULL),(402,'2021-12-28 16:05:06.000000','2023-01-22 15:58:38.363588','התלמיד עזר היום בבוקר לארגן את הכיתה ללמידה.','other','MALE','he',NULL,'167f8550-8763-11ed-a031-1c1bb51f4c1c'),(403,'2021-12-28 16:05:41.000000','2023-01-22 15:58:38.363588','התלמידה עזרה היום בבוקר לארגן את הכיתה ללמידה.','other','FEMALE','he',NULL,'167f8550-8763-11ed-a031-1c1bb51f4c1c'),(404,'2021-12-28 16:06:41.000000','2023-01-22 15:58:38.363588','התלמיד השתתף מאוד יפה בשיעור עברית.','educational','MALE','he',NULL,'167f8550-8763-11ed-a031-1c1bb51f4c1c'),(405,'2021-12-28 16:07:12.000000','2023-01-22 15:58:38.363588','התלמידה השתתפה מאוד יפה בשיעור עברית.','educational','FEMALE','he',NULL,'167f8550-8763-11ed-a031-1c1bb51f4c1c'),(408,'2021-12-28 16:08:34.000000','2023-01-22 15:58:38.363588','התלמיד השתתף מאוד יפה בשיעור גיאומטריה.','educational','MALE','he',NULL,'167f8550-8763-11ed-a031-1c1bb51f4c1c'),(409,'2021-12-28 16:09:02.000000','2023-01-22 15:58:38.363588','התלמידה השתתפה מאוד יפה בשיעור מתמטיקה.','educational','FEMALE','he',NULL,'167f8550-8763-11ed-a031-1c1bb51f4c1c'),(410,'2021-12-28 16:09:46.000000','2023-01-22 15:58:38.363588','התלמיד השתתף מאוד יפה בשיעור מתמטיקה.','educational','MALE','he',NULL,'167f8550-8763-11ed-a031-1c1bb51f4c1c'),(411,'2021-12-28 16:10:29.000000','2023-01-22 15:58:38.363588','התלמידה השתתפה מאוד יפה בשיעור גיאומטריה.','educational','FEMALE','he',NULL,'167f8550-8763-11ed-a031-1c1bb51f4c1c'),(412,'2022-01-07 09:22:18.000000','2023-01-22 15:58:38.363588','התלמיד עבד יפה מאוד בשיעור ','social','MALE','he',NULL,'167f8550-8763-11ed-a031-1c1bb51f4c1c'),(413,'2022-01-07 09:23:06.000000','2023-01-22 15:58:38.363588','התלמידה עבדה יפה בשיעור','social','FEMALE','he',NULL,'167f8550-8763-11ed-a031-1c1bb51f4c1c'),(415,'2022-03-05 21:15:17.000000','2023-01-22 15:58:38.363588','משתתף באופן פעיל ומדבר בהצבעה','educational','NONE','he',NULL,'167f8550-8763-11ed-a031-1c1bb51f4c1c'),(416,'2022-03-10 23:06:20.000000','2023-01-22 15:58:38.363588','תענוג ללמד את התלמידה ','social','FEMALE','he',NULL,'167f8550-8763-11ed-a031-1c1bb51f4c1c'),(417,'2022-05-12 15:09:34.000000','2023-01-22 15:58:38.363588','התלמידה עבדה מקסים בשיעור כתיב, כיף להיות המורה שלה','social','FEMALE','he',NULL,'167f8550-8763-11ed-a031-1c1bb51f4c1c'),(418,'2022-05-12 15:10:03.000000','2023-01-22 15:58:38.363588','התלמיד עבד מקסים בשיעור כתיב, כיף להיות המורה שלו','social','MALE','he',NULL,'167f8550-8763-11ed-a031-1c1bb51f4c1c'),(419,'2022-05-25 06:27:23.000000','2023-01-22 15:58:38.363588','התלמידה עבדה יפה מאוד בשיעור עברית, כל הכבוד.','educational','FEMALE','he',NULL,'167f8550-8763-11ed-a031-1c1bb51f4c1c'),(420,'2022-08-09 06:03:40.000000',NULL,'התלמידה שואלת שאלות נהדרות','educational','FEMALE','he',16,NULL),(421,'2022-08-09 06:03:40.000000',NULL,'התלמידה מתפתחת התנהגותית נהדר','emotional','FEMALE','he',16,NULL),(422,'2022-08-09 06:03:40.000000',NULL,'התלמיד התנהג יפה טסטט','social','MALE','he',16,NULL),(423,'2022-08-09 06:11:29.000000',NULL,'התלמיד התנהג יפה','social','MALE','he',16,NULL),(424,'2022-08-09 06:12:29.000000',NULL,'התלמידה מתddd התנהגותית נהדר','emotional','FEMALE','he',16,NULL),(425,'2022-09-13 06:10:51.000000','2023-01-22 15:58:38.363588','עוזרת מקסים לחברות. מתנדבת למשימות מתוך שמחה. בעלת מידות טובות ולב טוב. גאה בך.','social','NONE','he',NULL,'167f8550-8763-11ed-a031-1c1bb51f4c1c'),(426,'2022-09-13 06:11:39.000000','2023-01-22 15:58:38.363588','לומדת מתוך שמחה, בחריצות ואהבה, גם שקשה קצת לא מתייאשת ובכל הכח משקיעה מדהים.','educational','NONE','he',NULL,'167f8550-8763-11ed-a031-1c1bb51f4c1c'),(427,'2022-09-14 12:38:46.000000','2023-01-22 15:58:38.363588','התלמיד היקר, התפללת בצורה נפלאה היום, גאה בך מאד. ','social','MALE','he',NULL,'167f8550-8763-11ed-a031-1c1bb51f4c1c'),(428,'2022-09-14 18:39:09.000000','2023-01-22 15:58:38.363588','התלמיד עבד היום בשיעור בצורה נהדרת, והעתיק למחברתו במאמץ את כל החומר הנלמד, יישר כח','educational','MALE','he',NULL,'167f8550-8763-11ed-a031-1c1bb51f4c1c'),(430,'2022-09-15 05:00:16.000000','2023-01-22 15:58:38.363588','מקפידה להיות מוכנה בזמן עם הציוד הנדרש לכל שיעור , יישר כח!','educational','NONE','he',NULL,'167f8550-8763-11ed-a031-1c1bb51f4c1c'),(433,'2022-09-22 15:52:53.000000','2023-01-22 15:58:38.363588','התלמיד נטל חלק פעיל בשיעור שפה והשתתף יפה במהלך השיעור.','educational','MALE','he',NULL,'167f8550-8763-11ed-a031-1c1bb51f4c1c'),(434,'2022-09-22 15:53:02.000000','2023-01-22 15:58:38.363588','התלמידה נטלה חלק פעיל בשיעור שפה והשתתפה יפה במהלך השיעור.','educational','FEMALE','he',NULL,'167f8550-8763-11ed-a031-1c1bb51f4c1c'),(435,'2022-09-22 16:07:53.000000','2023-01-22 15:58:38.363588','התלמידה דאגה לאירגון וסידור ספריית בית הספר במסירות ובאחריות רבה.','other','FEMALE','he',NULL,'167f8550-8763-11ed-a031-1c1bb51f4c1c'),(436,'2022-09-22 16:08:13.000000','2023-01-22 15:58:38.363588','התלמיד דאג לאירגון וסידור ספריית בית הספר במסירות ובאחריות רבה.','other','MALE','he',NULL,'167f8550-8763-11ed-a031-1c1bb51f4c1c'),(441,'2022-10-24 18:48:36.000000','2023-01-22 15:58:38.363588','להורי איקס. בנכם נעים הליכות ובעל דרך ארץ. ממש כיף שהוא נמצא בכיתה','social','NONE','he',NULL,'167f8550-8763-11ed-a031-1c1bb51f4c1c'),(443,'2022-10-24 18:50:24.000000','2023-01-22 15:58:38.363588','יישר כח לאיקס על הלמידה בשיעור נביא. אשרי מי שעמלו בתורה','educational','NONE','he',NULL,'167f8550-8763-11ed-a031-1c1bb51f4c1c'),(444,'2022-10-24 18:52:08.000000','2023-01-22 15:58:38.363588','להורי איקס. בנכם נעים הליכות ובעל דרך ארץ. כיף כשהוא נמצא בכיתה','other','NONE','he',NULL,'167f8550-8763-11ed-a031-1c1bb51f4c1c'),(447,'2022-10-24 18:54:28.000000','2023-01-22 15:58:38.363588','להורי איקס. יש לכם ילד נעים הליכות עם דרך ארץ. תענוג שהוא בכיתה שלנו','other','NONE','he',NULL,'167f8550-8763-11ed-a031-1c1bb51f4c1c'),(448,'2022-10-24 18:57:02.000000','2023-01-22 15:58:38.363588','איקס היקר. אני מאוד שמח מלמידתך בשיעורים שלנו. המשך כך. שבוע טוב שיהיה לך','other','NONE','he',NULL,'167f8550-8763-11ed-a031-1c1bb51f4c1c'),(449,'2022-10-24 18:57:13.000000','2023-01-22 15:58:38.363588','איקס היקר. אני מאוד שמח מלמידתך בשיעורים שלנו. המשך כך. שבוע טוב שיהיה לך','educational','NONE','he',NULL,'167f8550-8763-11ed-a031-1c1bb51f4c1c'),(450,'2022-10-24 18:59:35.000000','2023-01-22 15:58:38.363588','איקס היקר יישר כח על למידה יפה ושינון המשניות בשיעור משנה. המשך כך!','educational','NONE','he',NULL,'167f8550-8763-11ed-a031-1c1bb51f4c1c'),(451,'2022-10-25 13:25:03.000000','2023-01-22 15:58:38.363588','יישר כח לאיקס על תפילת ראש חודש מתוקה. חודש טוב. עמית','other','NONE','he',NULL,'167f8550-8763-11ed-a031-1c1bb51f4c1c'),(452,'2022-10-27 05:00:12.000000','2023-01-22 15:58:38.363588','התלמיד מתפלל מתוך חשק ושמחה כל הכבוד לך !  ','educational','MALE','he',NULL,'167f8550-8763-11ed-a031-1c1bb51f4c1c'),(454,'2022-10-30 13:22:20.000000','2023-01-22 15:58:38.363588','התאמצת היום מאוד ולא ויתרת. כל הכבוד!!!','other','NONE','he',NULL,'167f8550-8763-11ed-a031-1c1bb51f4c1c'),(455,'2022-10-30 13:22:51.000000','2023-01-22 15:58:38.363588','התאמצת היום מאוד ולא ויתרת. כל הכבוד!!!','educational','NONE','he',NULL,'167f8550-8763-11ed-a031-1c1bb51f4c1c'),(456,'2022-11-03 06:22:48.000000','2023-01-22 15:58:38.363588','התלמיד מקפיד להתפלל בקול מתוך הסידור','educational','MALE','he',NULL,'167f8550-8763-11ed-a031-1c1bb51f4c1c'),(457,'2022-11-04 06:10:00.000000','2023-01-22 15:59:11.709470','התלמידה התפללה נפלא באופן מכבד ובקול נעים','social','FEMALE','he',NULL,'167f88d5-8763-11ed-a031-1c1bb51f4c1c'),(458,'2022-11-04 10:08:34.000000','2023-01-22 15:59:11.709470','התלמיד הנפלא קרא יפה בפני כל החברים את הסיפור שכתב בעצמו . אליפות  ','social','MALE','he',NULL,'167f88d5-8763-11ed-a031-1c1bb51f4c1c'),(459,'2022-11-07 06:54:31.000000','2023-01-22 15:59:11.709470','התלמידה הראתה דוגמא חסידית נאותה','other','FEMALE','he',NULL,'167f88d5-8763-11ed-a031-1c1bb51f4c1c'),(460,'2022-11-08 09:40:05.000000','2023-01-22 15:59:11.709470','תענוג גדול היה לראות את בנכם מתפלל הבוקר. בחשק ובשמחה. יהי רצון ויתקבלו תפילותיו לפני הקב\"ה','educational','NONE','he',NULL,'167f88d5-8763-11ed-a031-1c1bb51f4c1c'),(461,'2022-11-08 18:26:12.000000','2023-01-22 15:59:11.709470','התלמיד השתתף היום בשיעור בצורה יוצאת דופן','educational','MALE','he',NULL,'167f88d5-8763-11ed-a031-1c1bb51f4c1c'),(462,'2022-11-08 19:19:10.000000','2023-01-22 15:59:11.709470','כמה טוב שאת בערמונים','emotional','NONE','he',NULL,'167f88d5-8763-11ed-a031-1c1bb51f4c1c'),(464,'2022-11-09 18:40:19.000000','2023-01-22 15:59:11.709470','התלמידה למדה ברצינות בשיעור אנגלית היום. ישר כח!','educational','FEMALE','he',NULL,'167f88d5-8763-11ed-a031-1c1bb51f4c1c'),(465,'2022-11-10 13:40:04.000000','2023-01-22 15:59:11.709470','התלמידה השתתפה יפה היום בשיעור ופעלה בהתאם להוראות ','other','FEMALE','he',NULL,'167f88d5-8763-11ed-a031-1c1bb51f4c1c'),(466,'2022-11-13 07:35:27.000000','2023-01-22 15:59:11.709470',' התלמידה המקסימה התפללה היום בנחת ושמחה מתוך הסידור.יהי רצון שתפילתה תתקבל.','other','FEMALE','he',NULL,'167f88d5-8763-11ed-a031-1c1bb51f4c1c');
/*!40000 ALTER TABLE `preset_messages` ENABLE KEYS */;
UNLOCK TABLES;

--
-- Table structure for table `removed_preset_messages`
--

DROP TABLE IF EXISTS `removed_preset_messages`;
/*!40101 SET @saved_cs_client     = @@character_set_client */;
/*!50503 SET character_set_client = utf8mb4 */;
CREATE TABLE `removed_preset_messages` (
  `id` int NOT NULL AUTO_INCREMENT,
  `created` datetime(6) DEFAULT CURRENT_TIMESTAMP(6),
  `preset_message_id` int DEFAULT NULL,
  `teacher_id` varchar(36) DEFAULT NULL,
  `school_id` int DEFAULT NULL,
  PRIMARY KEY (`id`),
  KEY `FK_a689766acdaccf17c42be9d281f` (`preset_message_id`),
  KEY `FK_27d0f3881f160c4724c24646b05` (`teacher_id`),
  KEY `FK_f12913dd33647ff1f4161ff2213` (`school_id`),
  CONSTRAINT `FK_27d0f3881f160c4724c24646b05` FOREIGN KEY (`teacher_id`) REFERENCES `user` (`id`) ON DELETE CASCADE,
  CONSTRAINT `FK_a689766acdaccf17c42be9d281f` FOREIGN KEY (`preset_message_id`) REFERENCES `preset_messages` (`id`),
  CONSTRAINT `FK_f12913dd33647ff1f4161ff2213` FOREIGN KEY (`school_id`) REFERENCES `school` (`id`) ON DELETE CASCADE
) ENGINE=InnoDB AUTO_INCREMENT=189 DEFAULT CHARSET=utf8mb4 COLLATE=utf8mb4_0900_ai_ci;
/*!40101 SET character_set_client = @saved_cs_client */;

--
-- Dumping data for table `removed_preset_messages`
--

LOCK TABLES `removed_preset_messages` WRITE;
/*!40000 ALTER TABLE `removed_preset_messages` DISABLE KEYS */;
/*!40000 ALTER TABLE `removed_preset_messages` ENABLE KEYS */;
UNLOCK TABLES;

--
-- Table structure for table `role`
--

DROP TABLE IF EXISTS `role`;
/*!40101 SET @saved_cs_client     = @@character_set_client */;
/*!50503 SET character_set_client = utf8mb4 */;
CREATE TABLE `role` (
  `id` int NOT NULL AUTO_INCREMENT,
  `name` varchar(20) NOT NULL,
  `description` varchar(255) NOT NULL,
  `roleKey` varchar(255) NOT NULL,
  PRIMARY KEY (`id`)
) ENGINE=InnoDB AUTO_INCREMENT=4 DEFAULT CHARSET=latin1;
/*!40101 SET character_set_client = @saved_cs_client */;

--
-- Dumping data for table `role`
--

LOCK TABLES `role` WRITE;
/*!40000 ALTER TABLE `role` DISABLE KEYS */;
INSERT INTO `role` VALUES (1,'TEACHER','teacher','miremerijfgivn238svnsdfsdf'),(2,'ADMIN','school principal','gmrkipgm$2300femkFSFKeo375'),(3,'SUPERADMIN','Hilma admin','spf%#kfpoFFAa2234adAA244asZZv');
/*!40000 ALTER TABLE `role` ENABLE KEYS */;
UNLOCK TABLES;

--
-- Table structure for table `school`
--

DROP TABLE IF EXISTS `school`;
/*!40101 SET @saved_cs_client     = @@character_set_client */;
/*!50503 SET character_set_client = utf8mb4 */;
CREATE TABLE `school` (
  `id` int NOT NULL AUTO_INCREMENT,
  `code` int DEFAULT NULL,
  `name` varchar(100) NOT NULL,
  `created` datetime(6) DEFAULT CURRENT_TIMESTAMP(6),
  `gpt_token_count` int NOT NULL DEFAULT '0',
  `deletedAt` datetime(6) DEFAULT NULL,
  PRIMARY KEY (`id`)
) ENGINE=InnoDB AUTO_INCREMENT=44 DEFAULT CHARSET=utf8mb3;
/*!40101 SET character_set_client = @saved_cs_client */;

--
-- Dumping data for table `school`
--

LOCK TABLES `school` WRITE;
/*!40000 ALTER TABLE `school` DISABLE KEYS */;
INSERT INTO `school` VALUES (1,420208,'חן השומרון','2022-12-29 12:26:09.716827',0,NULL),(2,987654,'hilma','2022-12-29 12:26:09.716827',0,NULL);
/*!40000 ALTER TABLE `school` ENABLE KEYS */;
UNLOCK TABLES;

--
-- Table structure for table `sms`
--

DROP TABLE IF EXISTS `sms`;
/*!40101 SET @saved_cs_client     = @@character_set_client */;
/*!50503 SET character_set_client = utf8mb4 */;
CREATE TABLE `sms` (
  `id` int NOT NULL AUTO_INCREMENT,
  `schoolId` int DEFAULT NULL,
  `text` varchar(255) CHARACTER SET utf8mb4 COLLATE utf8mb4_unicode_ci NOT NULL,
  `status` tinyint NOT NULL,
  `parts` tinyint unsigned NOT NULL,
  PRIMARY KEY (`id`),
  KEY `FK_3759f97d39d3e61d7bd77a0c261` (`schoolId`),
  CONSTRAINT `FK_3759f97d39d3e61d7bd77a0c261` FOREIGN KEY (`schoolId`) REFERENCES `school` (`id`) ON DELETE CASCADE
) ENGINE=InnoDB AUTO_INCREMENT=88360 DEFAULT CHARSET=utf8mb4 COLLATE=utf8mb4_unicode_ci;
/*!40101 SET character_set_client = @saved_cs_client */;

--
-- Dumping data for table `sms`
--

LOCK TABLES `sms` WRITE;
/*!40000 ALTER TABLE `sms` DISABLE KEYS */;
/*!40000 ALTER TABLE `sms` ENABLE KEYS */;
UNLOCK TABLES;

--
-- Table structure for table `sms_spam`
--

DROP TABLE IF EXISTS `sms_spam`;
/*!40101 SET @saved_cs_client     = @@character_set_client */;
/*!50503 SET character_set_client = utf8mb4 */;
CREATE TABLE `sms_spam` (
  `id` int NOT NULL AUTO_INCREMENT,
  `phone_number` varchar(15) NOT NULL,
  PRIMARY KEY (`id`),
  UNIQUE KEY `IDX_d82e5145eda9a2ca635afeff8c` (`phone_number`)
) ENGINE=InnoDB DEFAULT CHARSET=utf8mb4 COLLATE=utf8mb4_0900_ai_ci;
/*!40101 SET character_set_client = @saved_cs_client */;

--
-- Dumping data for table `sms_spam`
--

LOCK TABLES `sms_spam` WRITE;
/*!40000 ALTER TABLE `sms_spam` DISABLE KEYS */;
/*!40000 ALTER TABLE `sms_spam` ENABLE KEYS */;
UNLOCK TABLES;

--
-- Table structure for table `starred_user_class`
--

DROP TABLE IF EXISTS `starred_user_class`;
/*!40101 SET @saved_cs_client     = @@character_set_client */;
/*!50503 SET character_set_client = utf8mb4 */;
CREATE TABLE `starred_user_class` (
  `user_id` varchar(36) NOT NULL,
  `class_id` int NOT NULL,
  `deletedAt` datetime(6) DEFAULT NULL,
  PRIMARY KEY (`user_id`,`class_id`),
  KEY `FK_05d19b6bbdc14ab204f095b8317` (`class_id`),
  CONSTRAINT `FK_05d19b6bbdc14ab204f095b8317` FOREIGN KEY (`class_id`) REFERENCES `classes` (`id`) ON DELETE CASCADE,
  CONSTRAINT `FK_5e37ddfebdb678be218a5a96eda` FOREIGN KEY (`user_id`) REFERENCES `user` (`id`) ON DELETE CASCADE
) ENGINE=InnoDB DEFAULT CHARSET=utf8mb4 COLLATE=utf8mb4_0900_ai_ci;
/*!40101 SET character_set_client = @saved_cs_client */;

--
-- Dumping data for table `starred_user_class`
--

LOCK TABLES `starred_user_class` WRITE;
/*!40000 ALTER TABLE `starred_user_class` DISABLE KEYS */;
/*!40000 ALTER TABLE `starred_user_class` ENABLE KEYS */;
UNLOCK TABLES;

--
-- Table structure for table `student_in_study_group`
--

DROP TABLE IF EXISTS `student_in_study_group`;
/*!40101 SET @saved_cs_client     = @@character_set_client */;
/*!50503 SET character_set_client = utf8mb4 */;
CREATE TABLE `student_in_study_group` (
  `studyGroupId` int NOT NULL,
  `studentsId` int NOT NULL,
  PRIMARY KEY (`studyGroupId`,`studentsId`),
  KEY `IDX_1a14b328e566586de9e045134a` (`studyGroupId`),
  KEY `IDX_c21d4b806343f1967567f881e8` (`studentsId`),
  CONSTRAINT `FK_1a14b328e566586de9e045134a2` FOREIGN KEY (`studyGroupId`) REFERENCES `study_group` (`id`) ON DELETE CASCADE ON UPDATE CASCADE,
  CONSTRAINT `FK_c21d4b806343f1967567f881e8a` FOREIGN KEY (`studentsId`) REFERENCES `students` (`id`) ON DELETE CASCADE
) ENGINE=InnoDB DEFAULT CHARSET=utf8mb4 COLLATE=utf8mb4_0900_ai_ci;
/*!40101 SET character_set_client = @saved_cs_client */;

--
-- Dumping data for table `student_in_study_group`
--

LOCK TABLES `student_in_study_group` WRITE;
/*!40000 ALTER TABLE `student_in_study_group` DISABLE KEYS */;
INSERT INTO `student_in_study_group` VALUES (1,3485),(1,3488),(2,28415),(2,28416);
/*!40000 ALTER TABLE `student_in_study_group` ENABLE KEYS */;
UNLOCK TABLES;

--
-- Table structure for table `students`
--

DROP TABLE IF EXISTS `students`;
/*!40101 SET @saved_cs_client     = @@character_set_client */;
/*!50503 SET character_set_client = utf8mb4 */;
CREATE TABLE `students` (
  `id` int NOT NULL AUTO_INCREMENT,
  `created` datetime(6) DEFAULT CURRENT_TIMESTAMP(6),
  `modified` datetime(6) DEFAULT CURRENT_TIMESTAMP(6) ON UPDATE CURRENT_TIMESTAMP(6),
  `class_id` int DEFAULT NULL,
  `gp_count` tinyint unsigned DEFAULT NULL,
  `gender` enum('MALE','FEMALE','OTHER','NONE') DEFAULT NULL,
  `phone_number_1` varchar(14) CHARACTER SET utf8mb4 COLLATE utf8mb4_0900_ai_ci DEFAULT NULL,
  `phone_number_2` varchar(14) CHARACTER SET utf8mb4 COLLATE utf8mb4_0900_ai_ci DEFAULT NULL,
  `first_name` varchar(50) CHARACTER SET utf8mb4 COLLATE utf8mb4_0900_ai_ci DEFAULT NULL,
  `last_name` varchar(50) CHARACTER SET utf8mb4 COLLATE utf8mb4_0900_ai_ci DEFAULT NULL,
  `school_id` int DEFAULT NULL,
  `phone_number_3` varchar(14) CHARACTER SET utf8mb4 COLLATE utf8mb4_0900_ai_ci DEFAULT NULL,
  `phone_number_4` varchar(14) DEFAULT NULL,
  `phone_number` varchar(14) DEFAULT NULL,
  PRIMARY KEY (`id`),
  KEY `FK_de6ad4ae6936dce474e2823984e` (`class_id`),
  KEY `FK_aa8edc7905ad764f85924569647` (`school_id`),
  FULLTEXT KEY `IDX_7eed714fbf4ca56aa5c5395d43` (`first_name`,`last_name`),
  CONSTRAINT `FK_aa8edc7905ad764f85924569647` FOREIGN KEY (`school_id`) REFERENCES `school` (`id`),
  CONSTRAINT `FK_de6ad4ae6936dce474e2823984e` FOREIGN KEY (`class_id`) REFERENCES `classes` (`id`)
) ENGINE=InnoDB AUTO_INCREMENT=28421 DEFAULT CHARSET=utf8mb4 COLLATE=utf8mb4_0900_ai_ci;
/*!40101 SET character_set_client = @saved_cs_client */;

--
-- Dumping data for table `students`
--

LOCK TABLES `students` WRITE;
/*!40000 ALTER TABLE `students` DISABLE KEYS */;
INSERT INTO `students` VALUES (1,'2020-05-25 12:19:54.000000',NULL,1,1,'MALE','972525522172',NULL,'חיים','גולן',2,NULL,NULL,NULL),(2,'2020-05-25 13:36:36.000000',NULL,1,1,'FEMALE','972123456789','972123456789','עדי','בן שמואל',2,NULL,NULL,NULL),(3,'2020-05-26 10:26:57.000000','2023-01-29 15:48:42.332299',2,0,'MALE','972546969090',NULL,'ויזלי','פרד',2,NULL,NULL,NULL),(4,'2020-05-26 10:26:57.000000',NULL,6,0,'MALE','972546969090','972546969090','פוטר','סנייפ',2,NULL,NULL,NULL),(5,'2020-05-26 10:26:57.000000','2023-01-29 15:48:42.332299',2,0,'FEMALE','972546969090','972546969090','נעל','עדי',2,NULL,NULL,NULL),(7,'2020-05-26 10:26:57.000000','2023-01-29 15:48:42.332299',2,1,'FEMALE','972525522172','972546969090','בת תנוס','גמורה',2,NULL,NULL,NULL),(8,'2020-05-26 10:26:57.000000','2023-01-29 15:48:42.332299',2,0,'MALE','972546969090','972546969090','בן שמואל','טוני',2,NULL,NULL,NULL),(9,'2020-05-26 10:26:57.000000','2023-01-29 15:48:42.332299',2,0,'FEMALE','972546969090','972546969090','גרין','סוזי',2,NULL,NULL,NULL),(11,'2020-05-26 10:26:57.000000','2023-01-29 15:48:42.332299',2,0,'MALE','972546969090','972525522172','להיכנס','מנסה',2,NULL,NULL,NULL),(3466,'2021-09-19 09:19:22.000000','2023-06-08 13:24:54.000000',1,7,'MALE','972543123788','','מקסים','ביליק',1,NULL,NULL,NULL),(3467,'2021-09-19 09:19:22.000000','2023-06-06 11:20:28.000000',1,7,'MALE','972532311699','972526490540','איתן','סנצ\'ז',1,NULL,NULL,NULL),(3468,'2021-09-19 09:19:22.000000','2023-06-08 14:38:00.000000',1,7,'MALE','972528367365','972524643807','הדר','פוגל',1,NULL,NULL,NULL),(3469,'2021-09-19 09:19:23.000000','2023-06-08 14:38:13.000000',1,7,'MALE','972544980343','','רועי','פיקל',1,NULL,NULL,NULL),(3470,'2021-09-19 09:19:23.000000','2023-06-06 12:38:39.000000',1,6,'MALE','972508255882','972509308528','ליאל','צבי',1,NULL,NULL,NULL),(3471,'2021-09-19 09:19:23.000000','2023-06-06 12:29:38.000000',1,6,'MALE','972585295083','972586556569','יעקב','שורקי',1,NULL,NULL,NULL),(3472,'2021-09-19 09:19:23.000000','2023-06-06 11:29:21.000000',1,9,'MALE','972509339128','972509339129','יהודה','חלבה',1,NULL,NULL,NULL),(3473,'2021-09-19 09:19:23.000000','2023-06-04 15:58:35.000000',1,6,'MALE','972548378582','972526719714','אופק','מבורך',1,NULL,NULL,NULL),(3474,'2021-09-19 09:19:24.000000','2023-06-08 14:51:40.000000',1,7,'MALE','972532311699','972526490540','טיאגו','סנצ\'ז',1,NULL,NULL,NULL),(3475,'2021-09-19 09:19:24.000000','2023-06-06 12:57:25.000000',1,6,'MALE','972526333149','','שי','פרץ',1,NULL,NULL,NULL),(3476,'2021-09-19 09:19:24.000000','2023-06-06 12:58:11.000000',1,6,'MALE','972585397397','','מלאכי','קדוש',1,NULL,NULL,NULL),(3477,'2021-09-19 09:19:24.000000','2023-06-06 12:53:13.000000',1,6,'MALE','972585295083','972586556569','ליאם','שורקי',1,NULL,NULL,NULL),(3478,'2021-09-19 09:19:25.000000','2023-06-08 12:08:23.000000',1,6,'MALE','972543095143','972505973895','ליעוז','במברון',1,NULL,NULL,NULL),(3479,'2021-09-19 09:19:25.000000','2023-06-06 12:52:39.000000',1,6,'MALE','972528370140','972547907236','ליאם','דדון',1,NULL,NULL,NULL),(3480,'2021-09-19 09:19:25.000000','2023-06-06 12:52:06.000000',1,6,'MALE','972542549181','972505947441','שיאל','כהן',1,NULL,NULL,NULL),(3481,'2021-09-19 09:19:25.000000','2023-06-08 14:57:00.000000',1,10,'MALE','972584443003','','אימרי','לביא',1,NULL,NULL,NULL),(3482,'2021-09-19 09:19:25.000000','2023-06-06 11:42:53.000000',1,7,'MALE','972526298806','','אושר','מטלסקי',1,NULL,NULL,NULL),(3483,'2021-09-19 09:19:26.000000','2023-06-06 14:39:57.000000',1,6,'MALE','972528321203','','משה','פוגלמן',1,NULL,NULL,NULL),(3484,'2021-09-19 09:19:26.000000','2023-06-06 12:53:33.000000',1,6,'MALE','972552274255','972504944427','נועם','אדרי',1,NULL,NULL,NULL),(3485,'2021-09-19 09:19:26.000000','2023-06-08 14:55:39.000000',1,12,'MALE','972544451776','972544400968','אופיר','איתן',1,NULL,NULL,''),(3486,'2021-09-19 09:19:26.000000','2023-06-06 12:52:50.000000',1,6,'MALE','972523178058','972556622721','עומר','טחן',1,NULL,NULL,NULL),(3487,'2021-09-19 09:19:27.000000','2023-06-06 14:32:11.000000',1,6,'MALE','972525741471','972528771809','יצחק','כהן',1,NULL,NULL,NULL),(3488,'2021-09-19 09:19:27.000000','2023-06-07 15:05:28.000000',1,19,'MALE','972506403360','972503072849','אברהם','כספי',1,NULL,NULL,''),(3489,'2021-09-19 09:19:27.000000','2023-06-08 13:22:39.000000',1,7,'MALE','972547399296','','עדי','אגם',1,NULL,NULL,NULL),(3491,'2021-09-19 09:19:27.000000','2023-06-08 15:00:45.000000',1,9,'MALE','972544760120','972546957158','אהרון','כהן',1,NULL,NULL,''),(3492,'2021-09-19 09:19:28.000000','2023-06-06 16:00:27.000000',1,6,'MALE','972525461009','','עדיאל','עדוי',1,NULL,NULL,NULL),(3493,'2021-09-19 09:19:28.000000','2023-06-08 13:23:14.000000',1,6,'MALE','972545996511','972587846630','אריה','פשטיק',1,NULL,NULL,NULL),(3494,'2021-09-19 09:19:28.000000','2023-06-08 13:23:02.000000',1,6,'MALE','972542487998','','לביא','שחק',1,NULL,NULL,NULL),(28415,'2023-06-05 15:42:16.304323','2023-06-06 14:13:44.000000',16,NULL,'MALE',NULL,NULL,'משה','לוי',1,NULL,NULL,''),(28416,'2023-06-05 15:42:52.049821','2023-06-06 16:00:53.000000',1330,NULL,'FEMALE',NULL,NULL,'מיכל','שגיא',1,NULL,NULL,''),(28417,'2023-06-08 12:43:51.412680','2023-06-08 12:44:22.000000',1335,NULL,'FEMALE',NULL,'','מיכל','שגיא',1,'','',''),(28418,'2023-06-08 14:14:34.383869','2023-06-08 14:15:04.000000',14,NULL,'FEMALE',NULL,'','מיכל','שגיא',1,'','',''),(28419,'2023-06-08 14:20:24.198892','2023-06-08 14:33:23.000000',2,NULL,'MALE',NULL,'','מיכל','שגיר',1,'','',''),(28420,'2023-06-08 15:36:41.730906','2023-06-08 15:36:41.730906',1335,NULL,'FEMALE',NULL,NULL,'מה','מה',1,NULL,NULL,'');
/*!40000 ALTER TABLE `students` ENABLE KEYS */;
UNLOCK TABLES;

--
-- Table structure for table `study_group`
--

DROP TABLE IF EXISTS `study_group`;
/*!40101 SET @saved_cs_client     = @@character_set_client */;
/*!50503 SET character_set_client = utf8mb4 */;
CREATE TABLE `study_group` (
  `id` int NOT NULL AUTO_INCREMENT,
  `created` datetime(6) DEFAULT CURRENT_TIMESTAMP(6),
  `modified` datetime(6) DEFAULT CURRENT_TIMESTAMP(6) ON UPDATE CURRENT_TIMESTAMP(6),
  `name` varchar(255) NOT NULL,
  `school_id` int DEFAULT NULL,
  `teacher_id` varchar(255) DEFAULT NULL,
  PRIMARY KEY (`id`),
  KEY `FK_516354a21459cbd381b26881a26` (`school_id`),
  KEY `FK_7186e4dbd1838ae10213694abfe` (`teacher_id`),
  CONSTRAINT `FK_516354a21459cbd381b26881a26` FOREIGN KEY (`school_id`) REFERENCES `school` (`id`) ON DELETE CASCADE,
  CONSTRAINT `FK_7186e4dbd1838ae10213694abfe` FOREIGN KEY (`teacher_id`) REFERENCES `user` (`id`)
) ENGINE=InnoDB AUTO_INCREMENT=3 DEFAULT CHARSET=utf8mb4 COLLATE=utf8mb4_0900_ai_ci;
/*!40101 SET character_set_client = @saved_cs_client */;

--
-- Dumping data for table `study_group`
--

LOCK TABLES `study_group` WRITE;
/*!40000 ALTER TABLE `study_group` DISABLE KEYS */;
INSERT INTO `study_group` VALUES (1,'2023-06-05 16:11:25.847142','2023-06-05 16:11:25.847142','math',1,'167f865c-8763-11ed-a031-1c1bb51f4c1c'),(2,'2023-06-05 16:12:05.343160','2023-06-05 16:12:05.343160','מתמטיקה 3יחל',1,'167f865c-8763-11ed-a031-1c1bb51f4c1c');
/*!40000 ALTER TABLE `study_group` ENABLE KEYS */;
UNLOCK TABLES;

--
-- Table structure for table `teacher_classes`
--

DROP TABLE IF EXISTS `teacher_classes`;
/*!40101 SET @saved_cs_client     = @@character_set_client */;
/*!50503 SET character_set_client = utf8mb4 */;
CREATE TABLE `teacher_classes` (
  `classesId` int NOT NULL,
  `userId` varchar(36) NOT NULL,
  PRIMARY KEY (`classesId`,`userId`),
  KEY `IDX_27d48770db7c0bfbb2817c3757` (`classesId`),
  KEY `IDX_57c5209040e29017a723269d18` (`userId`),
  CONSTRAINT `FK_27d48770db7c0bfbb2817c37574` FOREIGN KEY (`classesId`) REFERENCES `classes` (`id`) ON DELETE CASCADE ON UPDATE CASCADE,
  CONSTRAINT `FK_57c5209040e29017a723269d18e` FOREIGN KEY (`userId`) REFERENCES `user` (`id`) ON DELETE CASCADE ON UPDATE CASCADE
) ENGINE=InnoDB DEFAULT CHARSET=utf8mb4 COLLATE=utf8mb4_0900_ai_ci;
/*!40101 SET character_set_client = @saved_cs_client */;

--
-- Dumping data for table `teacher_classes`
--

LOCK TABLES `teacher_classes` WRITE;
/*!40000 ALTER TABLE `teacher_classes` DISABLE KEYS */;
INSERT INTO `teacher_classes` VALUES (1,'167f865c-8763-11ed-a031-1c1bb51f4c1c'),(5,'167f840d-8763-11ed-a031-1c1bb51f4c1c'),(6,'167f840d-8763-11ed-a031-1c1bb51f4c1c'),(7,'167f840d-8763-11ed-a031-1c1bb51f4c1c');
/*!40000 ALTER TABLE `teacher_classes` ENABLE KEYS */;
UNLOCK TABLES;

--
-- Table structure for table `teacher_starred_study_group`
--

DROP TABLE IF EXISTS `teacher_starred_study_group`;
/*!40101 SET @saved_cs_client     = @@character_set_client */;
/*!50503 SET character_set_client = utf8mb4 */;
CREATE TABLE `teacher_starred_study_group` (
  `userId` varchar(36) NOT NULL,
  `studyGroupId` int NOT NULL,
  PRIMARY KEY (`userId`,`studyGroupId`),
  KEY `IDX_c26834a270629fe2b2051c6c83` (`userId`),
  KEY `IDX_e667de1ecce36c36297eebe26a` (`studyGroupId`),
  CONSTRAINT `FK_c26834a270629fe2b2051c6c832` FOREIGN KEY (`userId`) REFERENCES `user` (`id`) ON DELETE CASCADE ON UPDATE CASCADE,
  CONSTRAINT `FK_e667de1ecce36c36297eebe26ad` FOREIGN KEY (`studyGroupId`) REFERENCES `study_group` (`id`)
) ENGINE=InnoDB DEFAULT CHARSET=utf8mb4 COLLATE=utf8mb4_0900_ai_ci;
/*!40101 SET character_set_client = @saved_cs_client */;

--
-- Dumping data for table `teacher_starred_study_group`
--

LOCK TABLES `teacher_starred_study_group` WRITE;
/*!40000 ALTER TABLE `teacher_starred_study_group` DISABLE KEYS */;
/*!40000 ALTER TABLE `teacher_starred_study_group` ENABLE KEYS */;
UNLOCK TABLES;

--
-- Table structure for table `teachers_good_points`
--

DROP TABLE IF EXISTS `teachers_good_points`;
/*!40101 SET @saved_cs_client     = @@character_set_client */;
/*!50503 SET character_set_client = utf8mb4 */;
CREATE TABLE `teachers_good_points` (
  `id` int NOT NULL AUTO_INCREMENT,
  `created` datetime(6) DEFAULT CURRENT_TIMESTAMP(6),
  `modified` datetime(6) DEFAULT CURRENT_TIMESTAMP(6) ON UPDATE CURRENT_TIMESTAMP(6),
  `text` varchar(255) NOT NULL,
  `gp_link_hash` varchar(100) DEFAULT NULL,
  `school_id` int DEFAULT NULL,
  `sender_id` varchar(36) DEFAULT NULL,
  `is_read` tinyint unsigned NOT NULL DEFAULT '0',
  `reaction_id` int DEFAULT NULL,
  `receiver_id` varchar(36) DEFAULT NULL,
  PRIMARY KEY (`id`),
  UNIQUE KEY `REL_4117d5bdb01b097483802a9b2b` (`reaction_id`),
  KEY `FK_84e8903240a901a20a6fa37df9e` (`sender_id`),
  KEY `FK_c749a47e20a9a261cbd57063b44` (`school_id`),
  KEY `IDX_3a1c82c51f2f66182c71cbbec2` (`is_read`),
  KEY `FK_8f12643bd6cd68c95580c162967` (`receiver_id`),
  CONSTRAINT `FK_4117d5bdb01b097483802a9b2bf` FOREIGN KEY (`reaction_id`) REFERENCES `teachers_good_points_reaction` (`id`) ON DELETE SET NULL,
  CONSTRAINT `FK_84e8903240a901a20a6fa37df9e` FOREIGN KEY (`sender_id`) REFERENCES `user` (`id`) ON DELETE SET NULL,
  CONSTRAINT `FK_8f12643bd6cd68c95580c162967` FOREIGN KEY (`receiver_id`) REFERENCES `user` (`id`) ON DELETE SET NULL,
  CONSTRAINT `FK_c749a47e20a9a261cbd57063b44` FOREIGN KEY (`school_id`) REFERENCES `school` (`id`) ON DELETE CASCADE
) ENGINE=InnoDB AUTO_INCREMENT=34 DEFAULT CHARSET=utf8mb4 COLLATE=utf8mb4_0900_ai_ci;
/*!40101 SET character_set_client = @saved_cs_client */;

--
-- Dumping data for table `teachers_good_points`
--

LOCK TABLES `teachers_good_points` WRITE;
/*!40000 ALTER TABLE `teachers_good_points` DISABLE KEYS */;
INSERT INTO `teachers_good_points` VALUES (1,'2023-06-04 14:36:29.002421','2023-06-04 14:36:29.002421','ישר כח',NULL,1,'167f865c-8763-11ed-a031-1c1bb51f4c1c',0,NULL,'167f875f-8763-11ed-a031-1c1bb51f4c1c'),(2,'2023-06-04 14:39:44.379975','2023-06-04 14:39:44.379975','כל הכבוד',NULL,1,'167f865c-8763-11ed-a031-1c1bb51f4c1c',0,NULL,'167f875f-8763-11ed-a031-1c1bb51f4c1c'),(3,'2023-06-04 14:46:28.726131','2023-06-04 14:46:28.726131','?',NULL,1,'167f865c-8763-11ed-a031-1c1bb51f4c1c',0,NULL,'167f875f-8763-11ed-a031-1c1bb51f4c1c'),(4,'2023-06-04 14:49:42.595645','2023-06-04 14:49:42.595645','יישר כח!',NULL,1,'167f865c-8763-11ed-a031-1c1bb51f4c1c',0,NULL,'884e8d37-ae71-422e-bec5-93effaeaef4e'),(5,'2023-06-04 14:53:50.314517','2023-06-04 14:53:50.314517','כל הכבוד!',NULL,1,'167f865c-8763-11ed-a031-1c1bb51f4c1c',0,NULL,'884e8d37-ae71-422e-bec5-93effaeaef4e'),(6,'2023-06-04 14:55:23.197380','2023-06-04 14:55:23.197380','בדיקה',NULL,1,'167f865c-8763-11ed-a031-1c1bb51f4c1c',0,NULL,'884e8d37-ae71-422e-bec5-93effaeaef4e'),(7,'2023-06-04 14:56:27.277375','2023-06-04 14:56:27.277375','שכוייח!',NULL,1,'167f865c-8763-11ed-a031-1c1bb51f4c1c',0,NULL,'884e8d37-ae71-422e-bec5-93effaeaef4e'),(8,'2023-06-04 15:00:32.009022','2023-06-04 15:00:32.009022','yess',NULL,1,'167f865c-8763-11ed-a031-1c1bb51f4c1c',0,NULL,'884e8d37-ae71-422e-bec5-93effaeaef4e'),(9,'2023-06-04 15:01:13.489047','2023-06-04 15:01:13.489047','ישר כח',NULL,1,'167f865c-8763-11ed-a031-1c1bb51f4c1c',0,NULL,'167f875f-8763-11ed-a031-1c1bb51f4c1c'),(10,'2023-06-04 15:06:59.096349','2023-06-04 15:06:59.096349','123',NULL,1,'167f865c-8763-11ed-a031-1c1bb51f4c1c',0,NULL,'884e8d37-ae71-422e-bec5-93effaeaef4e'),(11,'2023-06-04 15:10:47.161008','2023-06-11 16:06:50.000000','כל הכבוד הארי!',NULL,1,'167f865c-8763-11ed-a031-1c1bb51f4c1c',1,NULL,'167f840d-8763-11ed-a031-1c1bb51f4c1c'),(12,'2023-06-04 15:31:22.178264','2023-06-04 15:31:22.178264','בדיקה',NULL,1,'167f865c-8763-11ed-a031-1c1bb51f4c1c',0,NULL,'884e8d37-ae71-422e-bec5-93effaeaef4e'),(13,'2023-06-05 15:52:39.994761','2023-06-11 16:06:50.000000','היי ארי',NULL,1,'167f865c-8763-11ed-a031-1c1bb51f4c1c',1,NULL,'167f840d-8763-11ed-a031-1c1bb51f4c1c'),(14,'2023-06-05 15:54:56.830503','2023-06-05 15:54:56.830503','שכוייח',NULL,1,'167f865c-8763-11ed-a031-1c1bb51f4c1c',0,NULL,'884e8d37-ae71-422e-bec5-93effaeaef4e'),(15,'2023-06-05 15:55:18.314931','2023-06-11 16:06:50.000000','שכוייח ארי',NULL,1,'167f865c-8763-11ed-a031-1c1bb51f4c1c',1,NULL,'167f840d-8763-11ed-a031-1c1bb51f4c1c'),(16,'2023-06-05 16:28:35.138168','2023-06-05 16:28:35.138168','שכוייח',NULL,1,'167f865c-8763-11ed-a031-1c1bb51f4c1c',0,NULL,'884e8d37-ae71-422e-bec5-93effaeaef4e'),(17,'2023-06-05 16:51:59.764175','2023-06-05 16:51:59.764175','123',NULL,1,'167f865c-8763-11ed-a031-1c1bb51f4c1c',0,NULL,'884e8d37-ae71-422e-bec5-93effaeaef4e'),(18,'2023-06-05 16:52:27.953880','2023-06-05 16:52:27.953880','היי הרמיוני',NULL,1,'167f865c-8763-11ed-a031-1c1bb51f4c1c',0,NULL,'167f8550-8763-11ed-a031-1c1bb51f4c1c'),(19,'2023-06-05 16:52:47.635199','2023-06-05 16:52:47.635199','שוב שלום',NULL,1,'167f865c-8763-11ed-a031-1c1bb51f4c1c',0,NULL,'167f8550-8763-11ed-a031-1c1bb51f4c1c'),(20,'2023-06-05 16:56:14.689304','2023-06-05 16:56:14.689304','123',NULL,1,'167f865c-8763-11ed-a031-1c1bb51f4c1c',0,NULL,'167f875f-8763-11ed-a031-1c1bb51f4c1c'),(21,'2023-06-05 16:56:30.917094','2023-06-11 16:06:50.000000','היי',NULL,1,'167f865c-8763-11ed-a031-1c1bb51f4c1c',1,NULL,'167f840d-8763-11ed-a031-1c1bb51f4c1c'),(22,'2023-06-05 16:56:44.529985','2023-06-05 16:56:44.529985','היי',NULL,1,'167f865c-8763-11ed-a031-1c1bb51f4c1c',0,NULL,'167f8550-8763-11ed-a031-1c1bb51f4c1c'),(23,'2023-06-05 16:56:58.962370','2023-06-11 16:06:50.000000','היוש',NULL,1,'167f865c-8763-11ed-a031-1c1bb51f4c1c',1,NULL,'167f840d-8763-11ed-a031-1c1bb51f4c1c'),(24,'2023-06-06 11:21:10.709893','2023-06-06 11:21:10.709893','היי',NULL,1,'167f865c-8763-11ed-a031-1c1bb51f4c1c',0,NULL,'167f8550-8763-11ed-a031-1c1bb51f4c1c'),(25,'2023-06-06 11:31:16.554242','2023-06-06 11:31:16.554242','123',NULL,1,'167f865c-8763-11ed-a031-1c1bb51f4c1c',0,NULL,'884e8d37-ae71-422e-bec5-93effaeaef4e'),(26,'2023-06-06 11:40:08.875033','2023-06-06 11:40:08.875033','היוש',NULL,1,'167f865c-8763-11ed-a031-1c1bb51f4c1c',0,NULL,'167f8550-8763-11ed-a031-1c1bb51f4c1c'),(27,'2023-06-06 11:40:56.103265','2023-06-06 11:40:56.103265','היי',NULL,1,'167f865c-8763-11ed-a031-1c1bb51f4c1c',0,NULL,'167f8550-8763-11ed-a031-1c1bb51f4c1c'),(28,'2023-06-06 11:41:30.549607','2023-06-11 16:06:50.000000','היי הארי',NULL,1,'167f865c-8763-11ed-a031-1c1bb51f4c1c',1,NULL,'167f840d-8763-11ed-a031-1c1bb51f4c1c'),(29,'2023-06-06 11:45:24.076762','2023-06-06 11:45:24.076762','123',NULL,1,'167f865c-8763-11ed-a031-1c1bb51f4c1c',0,NULL,'167f8550-8763-11ed-a031-1c1bb51f4c1c'),(30,'2023-06-06 11:47:50.839590','2023-06-06 11:47:50.839590','test',NULL,1,'167f865c-8763-11ed-a031-1c1bb51f4c1c',0,NULL,'167f875f-8763-11ed-a031-1c1bb51f4c1c'),(31,'2023-06-06 14:41:16.401261','2023-06-06 14:41:16.401261','היוש',NULL,1,'167f865c-8763-11ed-a031-1c1bb51f4c1c',0,NULL,'167f875f-8763-11ed-a031-1c1bb51f4c1c'),(32,'2023-06-06 16:00:11.266151','2023-06-06 16:00:11.266151','היי',NULL,1,'167f840d-8763-11ed-a031-1c1bb51f4c1c',0,NULL,'167f865c-8763-11ed-a031-1c1bb51f4c1c'),(33,'2023-06-08 13:46:44.022079','2023-06-08 13:46:44.022079','יישר כח',NULL,1,'167f840d-8763-11ed-a031-1c1bb51f4c1c',0,NULL,'09611c14-1099-442e-9738-7ea2c09087c6');
/*!40000 ALTER TABLE `teachers_good_points` ENABLE KEYS */;
UNLOCK TABLES;

--
-- Table structure for table `teachers_good_points_reaction`
--

DROP TABLE IF EXISTS `teachers_good_points_reaction`;
/*!40101 SET @saved_cs_client     = @@character_set_client */;
/*!50503 SET character_set_client = utf8mb4 */;
CREATE TABLE `teachers_good_points_reaction` (
  `id` int NOT NULL AUTO_INCREMENT,
  `reaction` enum('HAPPY','BLUSH','SMILE','FUNNY','COOL_GLASSES_EMOJI') NOT NULL,
  `created` datetime(6) DEFAULT CURRENT_TIMESTAMP(6),
  PRIMARY KEY (`id`)
) ENGINE=InnoDB DEFAULT CHARSET=utf8mb4 COLLATE=utf8mb4_0900_ai_ci;
/*!40101 SET character_set_client = @saved_cs_client */;

--
-- Dumping data for table `teachers_good_points_reaction`
--

LOCK TABLES `teachers_good_points_reaction` WRITE;
/*!40000 ALTER TABLE `teachers_good_points_reaction` DISABLE KEYS */;
/*!40000 ALTER TABLE `teachers_good_points_reaction` ENABLE KEYS */;
UNLOCK TABLES;

--
-- Table structure for table `two_factor`
--

DROP TABLE IF EXISTS `two_factor`;
/*!40101 SET @saved_cs_client     = @@character_set_client */;
/*!50503 SET character_set_client = utf8mb4 */;
CREATE TABLE `two_factor` (
  `id` int NOT NULL AUTO_INCREMENT,
  `code` varchar(255) DEFAULT NULL,
  `attempt` tinyint unsigned NOT NULL DEFAULT '0',
  `code_created_date` timestamp(6) NULL DEFAULT NULL,
  `user_blocked_date` timestamp(6) NULL DEFAULT NULL,
  `user_id` varchar(36) NOT NULL,
  PRIMARY KEY (`id`),
  UNIQUE KEY `REL_162c7f53b41b84102a8e06eff1` (`user_id`),
  CONSTRAINT `FK_162c7f53b41b84102a8e06eff18` FOREIGN KEY (`user_id`) REFERENCES `user` (`id`)
) ENGINE=InnoDB DEFAULT CHARSET=utf8mb4 COLLATE=utf8mb4_0900_ai_ci;
/*!40101 SET character_set_client = @saved_cs_client */;

--
-- Dumping data for table `two_factor`
--

LOCK TABLES `two_factor` WRITE;
/*!40000 ALTER TABLE `two_factor` DISABLE KEYS */;
/*!40000 ALTER TABLE `two_factor` ENABLE KEYS */;
UNLOCK TABLES;

--
-- Table structure for table `user`
--

DROP TABLE IF EXISTS `user`;
/*!40101 SET @saved_cs_client     = @@character_set_client */;
/*!50503 SET character_set_client = utf8mb4 */;
CREATE TABLE `user` (
  `password` varchar(255) DEFAULT NULL,
  `username` varchar(255) NOT NULL,
  `gender` enum('MALE','FEMALE','OTHER','NONE') DEFAULT NULL,
  `first_name` varchar(50) DEFAULT NULL,
  `last_name` varchar(50) DEFAULT NULL,
  `preferences` varchar(255) DEFAULT '{}',
  `created` datetime(6) NOT NULL DEFAULT CURRENT_TIMESTAMP(6),
  `id` varchar(36) NOT NULL,
  `type` varchar(255) NOT NULL,
  `updated` datetime(6) NOT NULL DEFAULT CURRENT_TIMESTAMP(6) ON UPDATE CURRENT_TIMESTAMP(6),
  `phone_number` varchar(14) DEFAULT NULL,
  `notify_date` datetime DEFAULT NULL,
  `preferredLanguage` enum('he','ar') DEFAULT 'he',
  `system_notifications` tinyint DEFAULT '1',
  `emailVerified` tinyint DEFAULT '1',
  `verificationToken` varchar(150) DEFAULT NULL,
  `deleted_at` datetime(6) DEFAULT NULL,
  PRIMARY KEY (`id`),
  UNIQUE KEY `IDX_78a916df40e02a9deb1c4b75ed` (`username`),
  KEY `IDX_31ef2b4d30675d0c15056b7f6e` (`type`),
  KEY `IDX_6f5e46b974cb645c4d53b544fe` (`notify_date`)
) ENGINE=InnoDB DEFAULT CHARSET=utf8mb4 COLLATE=utf8mb4_0900_ai_ci;
/*!40101 SET character_set_client = @saved_cs_client */;

--
-- Dumping data for table `user`
--

LOCK TABLES `user` WRITE;
/*!40000 ALTER TABLE `user` DISABLE KEYS */;
INSERT INTO `user` VALUES ('$2b$10$xnGogs/zK8Cvo28jbRxuy.MNUIv.wGSOE5dDYxMVWWhhlyh2qOrb2','davidkingqwe@gmail.com','FEMALE','אורית','אריה','{}','2023-06-07 15:23:16.615429','09611c14-1099-442e-9738-7ea2c09087c6','staff','2023-06-08 14:33:04.000000','0523228752','2023-06-08 14:00:00','he',1,1,NULL,NULL),('$2b$10$nRNn3/xXxF8TzsraOUAdL.9doclFXdbvHjTpKPbqzmr4jZ6hHCzvO','harry@ms.com','MALE','הארי','פוטר','{\"firstLogin\":false,\"firstAdminLogin\":false,\"firstOpeningSentences\":false}','2020-12-29 15:59:31.240693','167f840d-8763-11ed-a031-1c1bb51f4c1c','staff','2023-06-11 15:20:27.000000','0525666430',NULL,'he',1,1,NULL,NULL),('$2b$10$nRNn3/xXxF8TzsraOUAdL.9doclFXdbvHjTpKPbqzmr4jZ6hHCzvO','hermione@ms.com','FEMALE','הרמיוני','גריינגר','{}','2020-12-29 15:59:31.240693','167f8550-8763-11ed-a031-1c1bb51f4c1c','staff','2023-06-11 15:09:02.000000','0545444455',NULL,'he',1,1,NULL,NULL),('$2b$10$nRNn3/xXxF8TzsraOUAdL.9doclFXdbvHjTpKPbqzmr4jZ6hHCzvO','ron@ms.com','MALE','רון','וויזלי','{\"firstLogin\":false,\"firstAdminLogin\":false,\"firstOpeningSentences\":false}','2020-12-29 15:59:31.240693','167f865c-8763-11ed-a031-1c1bb51f4c1c','staff','2023-06-07 13:29:08.000000','0525121111',NULL,'he',1,1,NULL,NULL),('$2b$10$nRNn3/xXxF8TzsraOUAdL.9doclFXdbvHjTpKPbqzmr4jZ6hHCzvO','bellatrix@ms.com','FEMALE','בלטריקס','לסטריינג','{}','2020-12-29 15:59:31.240693','167f875f-8763-11ed-a031-1c1bb51f4c1c','staff','2023-06-11 15:39:40.000000','0545455555',NULL,'he',1,1,NULL,NULL),('$2b$10$nRNn3/xXxF8TzsraOUAdL.9doclFXdbvHjTpKPbqzmr4jZ6hHCzvO','tom@ms.com','MALE','טום','רידל','{\"firstLogin\":false,\"firstAdminLogin\":false,\"firstOpeningSentences\":false}','2020-12-29 15:59:31.240693','167f88d5-8763-11ed-a031-1c1bb51f4c1c','staff','2022-12-29 12:26:09.674848',NULL,NULL,'he',1,1,NULL,NULL),('$2b$10$eVbNfs.OdYoqDJI7l4IwOOrLASI1V8.sByLQej4KJMtwqypNFqN8m','david@bbb.com','MALE','דוד','פלדמן','{}','2023-06-07 15:20:36.502957','21d736fe-c059-40d7-8f3d-543f9c0547fa','staff','2023-06-07 15:20:36.502957','',NULL,'he',1,1,NULL,NULL),('$2b$10$nfVJVYnfOFecgX8/Li28gup1s/OQMNn0dis5k/DllwiCycBOvW2nO','Robert.Johnson9876@school.edu','FEMALE','עדי','גאלדור','{}','2023-06-07 15:23:16.625408','3ae00e54-c3d5-4acf-b117-104b21d13d83','staff','2023-06-08 11:58:50.000000','526018144',NULL,'he',1,1,NULL,NULL),('$2b$10$elVALz6YsCQgMauNAHUg5O3GjC2DehrnWZucDDMADFNoF6TUWNS.C','michaldinner1234@gmail.com','MALE','yiuy','tyut','{}','2023-06-06 15:24:59.375518','4d7b5bf2-3bea-4e26-b5d0-ae09aa63a0e5','staff','2023-06-06 15:24:59.375518','',NULL,'he',1,1,NULL,NULL),('$2b$10$j2vOENVgLCDaNFXAmFwRm.8RFaCWbTxagyH8A2QlnF.pLrPQPUqw.','mic@ds.com','FEMALE','מיכל','שגיא','{}','2023-06-08 15:32:13.757526','60912f1b-5690-41c4-9bfa-7ed774fbfe31','staff','2023-06-08 15:32:13.757526','',NULL,'he',1,1,NULL,NULL),('$2b$10$CEE6f9jHUJOJ7Vok0xP/Sug7EPSrGHjF6MWypJIn1R0ECsHkhFgau','Jane.Smith5678@school.edu','FEMALE','לירז','בשארי','{}','2023-06-07 15:23:16.621433','8833be19-c5a6-4056-8175-9f08f3faab6d','staff','2023-06-08 11:58:50.000000','542777006',NULL,'he',1,1,NULL,NULL),('$2b$10$vnGeets935DDAoDRaVAk9.wwk5ke99QpngHq81icgbcaHSofEzO8O','michaldinner@gmail.com','FEMALE','מיכל','שגיא','{}','2023-06-04 10:15:02.692507','884e8d37-ae71-422e-bec5-93effaeaef4e','staff','2023-06-07 13:20:08.000000','0525666430',NULL,'he',1,1,NULL,NULL),('$2b$10$tGqz1uAxkzDKQsfUBAOKxuVifHxNNbTj0VWZtch6l8o4tahswGoDm','Sarah.Wilson4321@school.edu','FEMALE','נעמה','שיינפלד','{}','2023-06-07 15:23:16.637433','94f4a0f0-c6c8-405e-81cd-0e859ab93da4','staff','2023-06-08 11:58:50.000000','546341879',NULL,'he',1,1,NULL,NULL),('$2b$10$HmYlss6RvBRyXdher3XRxu6xoxGsYDGYSgFZhCA5JVAnt6Z9GtKti','test@test.com','MALE','test','test','{}','2023-06-08 15:33:52.631936','9ba939c3-d27f-4c15-85a7-75d2a19bad05','staff','2023-06-11 15:39:46.000000','',NULL,'he',1,1,NULL,NULL),('$2b$10$3hlogmFaydRoSABdAOnVOeQfeP9DodTmX//lfn3cUFB2FoaRmzzd.','michaldinner123@gmail.comg','FEMALE','kjh','jhkjh','{}','2023-06-06 15:24:20.524738','a0aee4bf-48ac-442e-bfb8-8e13dbc82904','staff','2023-06-06 15:24:20.524738','',NULL,'he',1,1,NULL,NULL),('$2b$10$Ync8mdZZnWozCLlSg/daA.WfUKjhLAnOuce3N1WK5cmB1tpj0HQxG','mic@123.com','FEMALE','מיכל','חדש','{}','2023-06-11 15:29:54.222364','afa1b8ba-a537-4da3-a822-ba28ca8357b8','staff','2023-06-11 15:30:50.000000','',NULL,'he',1,1,NULL,NULL),('$2b$10$TnpQxUH1fGxdqbGAolI3r.rvMOtqxI2CZ4VjFJ67Emy5kEJzX59nm','Emily.Jackson2345@school.edu','MALE','יצחק','רפפורט','{}','2023-06-07 15:23:16.654705','b0fd79c9-4d89-450c-b9e4-676b21533259','staff','2023-06-08 11:58:50.000000','543453359',NULL,'he',1,1,NULL,NULL),('$2b$10$rvJ2gpXlrlgMFZDbUKxvC.QL8CHamW8hzP/l42rDeZSw3GeQMSvhu','zazaa@ms.com','FEMALE','x,o','lkjljl','{}','2023-06-07 15:19:01.781180','b4f374df-ca52-45af-bfd2-c47da6bede55','staff','2023-06-07 15:19:01.781180','',NULL,'he',1,1,NULL,NULL),('$2b$10$w7ZAMlQdwME/ffLq7rJqGe1Igpfh/drYFHHvfb9YfBtfnumLNW2ee','michaldinner123@gmail.com','MALE','jhkjhjk','jhkjhjkh','{}','2023-06-06 15:23:12.678374','b7fe059e-5edc-4718-8c56-4f2151e0964c','staff','2023-06-06 15:23:12.678374','',NULL,'he',1,1,NULL,NULL),('$2b$10$wa8vkHSfV5E/fi0RB2kwr.dCs4WFaWR3F0ojqycFJZUMCVOhozT0S','hii@hii.com','MALE','היי','שלום','{}','2023-06-11 16:20:50.163034','e3c5f08f-e9fc-465f-918e-c88cc42ecb75','staff','2023-06-11 16:20:50.163034','',NULL,'he',1,1,NULL,NULL),('$2b$10$poV4AV0nzXKEsDORh.E31ecah/ICliJdQGHAkTvTY.lRIMLrTmduu','knknk@ms.com','MALE','bmbm','bmnbmb','{}','2023-06-08 15:57:30.664928','e9101053-0a0b-42ac-b396-b89570fe1ffe','staff','2023-06-11 17:03:14.000000','',NULL,'he',1,1,NULL,NULL),('$2b$10$ba8kXQJD1VcceXOUByWpXOY5NVWoBMy1JYYT76JCV6f6jDkTu1..G','Michael.Thompson8765@school.edu','FEMALE','ברכה','ברוך','{}','2023-06-07 15:23:16.644066','eeb68408-a66c-4428-aa9c-c9741fab8c89','staff','2023-06-08 11:58:50.000000','524412194',NULL,'he',1,1,NULL,NULL),('$2b$10$rz2unUOGvOYMd4yiLIJlbexd0VDx7i6b8vhqY0lINCq9bs/k8txvq','123@123.com','FEMALE','מיכל ','חדש חדש','{}','2023-06-11 15:40:26.096483','f656925d-3237-4207-ab91-7c05cddd2321','staff','2023-06-11 16:20:19.000000','',NULL,'he',1,1,NULL,NULL);
/*!40000 ALTER TABLE `user` ENABLE KEYS */;
UNLOCK TABLES;

--
-- Table structure for table `user_password`
--

DROP TABLE IF EXISTS `user_password`;
/*!40101 SET @saved_cs_client     = @@character_set_client */;
/*!50503 SET character_set_client = utf8mb4 */;
CREATE TABLE `user_password` (
  `id` int NOT NULL AUTO_INCREMENT,
  `password` varchar(255) NOT NULL,
  `userId` varchar(36) DEFAULT NULL,
  `created` datetime(6) NOT NULL DEFAULT CURRENT_TIMESTAMP(6),
  PRIMARY KEY (`id`),
  KEY `FK_3e755bee2cdcee50a9e742776d8` (`userId`),
  CONSTRAINT `FK_3e755bee2cdcee50a9e742776d8` FOREIGN KEY (`userId`) REFERENCES `user` (`id`)
) ENGINE=InnoDB AUTO_INCREMENT=2056 DEFAULT CHARSET=utf8mb4 COLLATE=utf8mb4_0900_ai_ci;
/*!40101 SET character_set_client = @saved_cs_client */;

--
-- Dumping data for table `user_password`
--

LOCK TABLES `user_password` WRITE;
/*!40000 ALTER TABLE `user_password` DISABLE KEYS */;
INSERT INTO `user_password` VALUES (2048,'$2b$10$kPHjQjaQFE6OPnNofWLwPewlCcq3PcGJBcA27Ew/1lYwapLimlRii','884e8d37-ae71-422e-bec5-93effaeaef4e','2023-06-07 10:58:22.971962'),(2049,'$2b$10$VsvEL2hGvJ2wNEBZRheBS.BFk/ld5HlRM/XjfwxwUGrMgKA9DdzCG','09611c14-1099-442e-9738-7ea2c09087c6','2023-06-07 17:40:37.093815'),(2050,'$2b$10$G/YffjZot4jPhNUZrNZNSes38yT1xDw3vz/zmxA7zz98fcPcvF9.u','09611c14-1099-442e-9738-7ea2c09087c6','2023-06-07 17:41:19.368026'),(2051,'$2b$10$zIq.bx25H2FE61XmOTu02uttgAvdW5Gxa0II/PcyayPDqUeryodDW','09611c14-1099-442e-9738-7ea2c09087c6','2023-06-07 17:42:13.342048'),(2052,'$2b$10$rOiK.YUSWTUGnk90lVTJNuoi8ze8hJNN0OdmR5arSu92W91l4KH0O','09611c14-1099-442e-9738-7ea2c09087c6','2023-06-07 17:42:48.588334'),(2053,'$2b$10$0sjbeKupeXT9fOFnMFkWoOo3rB04ytwEwyKHYzvN5SV7EdgqxGoAe','09611c14-1099-442e-9738-7ea2c09087c6','2023-06-07 17:43:42.435635'),(2054,'$2b$10$qs/J5Zrdr8Ybqu4LlGZjCOrb34NHfqLfKx.wXfd6.L29e9huBLgHe','09611c14-1099-442e-9738-7ea2c09087c6','2023-06-07 17:43:48.953277'),(2055,'$2b$10$wd4BC7UhVkQP5y1dHu16W.2zTLW4dGr27ywahFY1q2lXi7gtirKCi','09611c14-1099-442e-9738-7ea2c09087c6','2023-06-08 09:17:46.492049');
/*!40000 ALTER TABLE `user_password` ENABLE KEYS */;
UNLOCK TABLES;

--
-- Table structure for table `user_role`
--

DROP TABLE IF EXISTS `user_role`;
/*!40101 SET @saved_cs_client     = @@character_set_client */;
/*!50503 SET character_set_client = utf8mb4 */;
CREATE TABLE `user_role` (
  `role_id` int NOT NULL,
  `user_id` varchar(36) NOT NULL,
  PRIMARY KEY (`role_id`,`user_id`),
  KEY `IDX_d0e5815877f7395a198a4cb0a4` (`user_id`),
  KEY `IDX_32a6fc2fcb019d8e3a8ace0f55` (`role_id`),
  CONSTRAINT `FK_32a6fc2fcb019d8e3a8ace0f55f` FOREIGN KEY (`role_id`) REFERENCES `role` (`id`) ON DELETE CASCADE ON UPDATE CASCADE,
  CONSTRAINT `FK_d0e5815877f7395a198a4cb0a46` FOREIGN KEY (`user_id`) REFERENCES `user` (`id`) ON DELETE CASCADE ON UPDATE CASCADE
) ENGINE=InnoDB DEFAULT CHARSET=utf8mb4 COLLATE=utf8mb4_0900_ai_ci;
/*!40101 SET character_set_client = @saved_cs_client */;

--
-- Dumping data for table `user_role`
--

LOCK TABLES `user_role` WRITE;
/*!40000 ALTER TABLE `user_role` DISABLE KEYS */;
INSERT INTO `user_role` VALUES (1,'09611c14-1099-442e-9738-7ea2c09087c6'),(1,'167f8550-8763-11ed-a031-1c1bb51f4c1c'),(1,'167f865c-8763-11ed-a031-1c1bb51f4c1c'),(1,'167f875f-8763-11ed-a031-1c1bb51f4c1c'),(1,'21d736fe-c059-40d7-8f3d-543f9c0547fa'),(1,'3ae00e54-c3d5-4acf-b117-104b21d13d83'),(1,'4d7b5bf2-3bea-4e26-b5d0-ae09aa63a0e5'),(1,'60912f1b-5690-41c4-9bfa-7ed774fbfe31'),(1,'8833be19-c5a6-4056-8175-9f08f3faab6d'),(1,'884e8d37-ae71-422e-bec5-93effaeaef4e'),(1,'94f4a0f0-c6c8-405e-81cd-0e859ab93da4'),(1,'9ba939c3-d27f-4c15-85a7-75d2a19bad05'),(1,'a0aee4bf-48ac-442e-bfb8-8e13dbc82904'),(1,'afa1b8ba-a537-4da3-a822-ba28ca8357b8'),(1,'b0fd79c9-4d89-450c-b9e4-676b21533259'),(1,'b4f374df-ca52-45af-bfd2-c47da6bede55'),(1,'b7fe059e-5edc-4718-8c56-4f2151e0964c'),(1,'e3c5f08f-e9fc-465f-918e-c88cc42ecb75'),(1,'e9101053-0a0b-42ac-b396-b89570fe1ffe'),(1,'eeb68408-a66c-4428-aa9c-c9741fab8c89'),(1,'f656925d-3237-4207-ab91-7c05cddd2321'),(2,'167f840d-8763-11ed-a031-1c1bb51f4c1c'),(3,'167f88d5-8763-11ed-a031-1c1bb51f4c1c');
/*!40000 ALTER TABLE `user_role` ENABLE KEYS */;
UNLOCK TABLES;

--
-- Table structure for table `user_school`
--

DROP TABLE IF EXISTS `user_school`;
/*!40101 SET @saved_cs_client     = @@character_set_client */;
/*!50503 SET character_set_client = utf8mb4 */;
CREATE TABLE `user_school` (
  `school_id` int NOT NULL,
  `user_id` varchar(36) NOT NULL,
  `role_id` int NOT NULL,
  `deletedAt` datetime(6) DEFAULT NULL,
  PRIMARY KEY (`school_id`,`user_id`),
  KEY `FK_e347864f128a9f86925d43dcc5b` (`user_id`),
  KEY `FK_e9f2e160d32efae56cecc67ff38` (`role_id`),
  CONSTRAINT `FK_179ab87076a96dc0ce035392f07` FOREIGN KEY (`school_id`) REFERENCES `school` (`id`) ON DELETE CASCADE,
  CONSTRAINT `FK_e347864f128a9f86925d43dcc5b` FOREIGN KEY (`user_id`) REFERENCES `user` (`id`) ON DELETE CASCADE,
  CONSTRAINT `FK_e9f2e160d32efae56cecc67ff38` FOREIGN KEY (`role_id`) REFERENCES `role` (`id`)
) ENGINE=InnoDB DEFAULT CHARSET=utf8mb4 COLLATE=utf8mb4_0900_ai_ci;
/*!40101 SET character_set_client = @saved_cs_client */;

--
-- Dumping data for table `user_school`
--

LOCK TABLES `user_school` WRITE;
/*!40000 ALTER TABLE `user_school` DISABLE KEYS */;
INSERT INTO `user_school` VALUES (1,'167f840d-8763-11ed-a031-1c1bb51f4c1c',2,NULL),(1,'167f8550-8763-11ed-a031-1c1bb51f4c1c',1,NULL),(1,'167f865c-8763-11ed-a031-1c1bb51f4c1c',1,NULL),(1,'167f875f-8763-11ed-a031-1c1bb51f4c1c',1,NULL),(1,'167f88d5-8763-11ed-a031-1c1bb51f4c1c',3,NULL),(1,'3ae00e54-c3d5-4acf-b117-104b21d13d83',1,NULL),(1,'60912f1b-5690-41c4-9bfa-7ed774fbfe31',1,NULL),(1,'8833be19-c5a6-4056-8175-9f08f3faab6d',1,NULL),(1,'94f4a0f0-c6c8-405e-81cd-0e859ab93da4',1,NULL),(1,'9ba939c3-d27f-4c15-85a7-75d2a19bad05',1,NULL),(1,'b0fd79c9-4d89-450c-b9e4-676b21533259',1,NULL),(1,'e3c5f08f-e9fc-465f-918e-c88cc42ecb75',1,NULL),(1,'e9101053-0a0b-42ac-b396-b89570fe1ffe',1,NULL),(1,'f656925d-3237-4207-ab91-7c05cddd2321',1,NULL),(2,'167f840d-8763-11ed-a031-1c1bb51f4c1c',2,NULL),(2,'167f8550-8763-11ed-a031-1c1bb51f4c1c',1,NULL);
/*!40000 ALTER TABLE `user_school` ENABLE KEYS */;
UNLOCK TABLES;
/*!40103 SET TIME_ZONE=@OLD_TIME_ZONE */;

/*!40101 SET SQL_MODE=@OLD_SQL_MODE */;
/*!40014 SET FOREIGN_KEY_CHECKS=@OLD_FOREIGN_KEY_CHECKS */;
/*!40014 SET UNIQUE_CHECKS=@OLD_UNIQUE_CHECKS */;
/*!40101 SET CHARACTER_SET_CLIENT=@OLD_CHARACTER_SET_CLIENT */;
/*!40101 SET CHARACTER_SET_RESULTS=@OLD_CHARACTER_SET_RESULTS */;
/*!40101 SET COLLATION_CONNECTION=@OLD_COLLATION_CONNECTION */;
/*!40111 SET SQL_NOTES=@OLD_SQL_NOTES */;

-- Dump completed on 2023-06-12 11:14:42
